"Model","Method","nominal_level","coverage_pct","mean_width","n"
"LGBM Poisson Spat.","cv_plus",0.9,89.010989010989,44.4038163130683,182
"LGBM Poisson Spat.","split",0.9,85.1648351648352,32.693716254893,182
"XGB Poisson","cv_plus",0.9,90.1098901098901,51.7694386060114,182
"XGB Poisson","split",0.9,82.4175824175824,40.2847010064358,182
"XGB Poisson Spat.","cv_plus",0.9,88.4615384615385,41.0282726143579,182
"XGB Poisson Spat.","split",0.9,83.5164835164835,30.1139495446787,182
"XGB Tweedie","cv_plus",0.9,90.6593406593407,56.0764237092547,182
"XGB Tweedie","split",0.9,86.8131868131868,37.7243429564028,182
"XGB Tweedie Spat.","cv_plus",0.9,90.6593406593407,51.8615279001545,182
"XGB Tweedie Spat.","split",0.9,85.1648351648352,28.0270555934836,182
