"metric","estimator","estimate","resolution","iteration","replicate","n_test_presence","n_test_absence"
"pr_auc","binary",0.713557102807382,"1-3arc",1,"Baldy+GRNA",29,61
"roc_auc","binary",0.60823754789272,"1-3arc",1,"Baldy+GRNA",29,61
"pr_auc","binary",0.918093225040707,"1-3arc",1,"AVP+BV",42,29
"roc_auc","binary",0.529761904761905,"1-3arc",1,"AVP+BV",42,29
"pr_auc","binary",0.916146376243308,"1-3arc",1,"RAEL+YP",30,32
"roc_auc","binary",0.768518518518518,"1-3arc",1,"RAEL+YP",30,32
"pr_auc","binary",0.793021286091728,"1-3arc",1,"CD+RV+XTAL",75,68
"roc_auc","binary",0.462,"1-3arc",1,"CD+RV+XTAL",75,68
"pr_auc","binary",0.850648310299783,"1-3arc",1,"AP+HB",30,31
"roc_auc","binary",0.652083333333333,"1-3arc",1,"AP+HB",30,31
"pr_auc","binary",0.971296456645855,"1-3arc",1,"Frigid+RG",59,62
"roc_auc","binary",0.877118644067797,"1-3arc",1,"Frigid+RG",59,62
"pr_auc","binary",0.768717966382437,"1-3arc",1,"CD+YP",71,58
"roc_auc","binary",0.499295774647887,"1-3arc",1,"CD+YP",71,58
"pr_auc","binary",0.884116149646928,"1-3arc",1,"AP+RAEL+RG",39,50
"roc_auc","binary",0.771367521367521,"1-3arc",1,"AP+RAEL+RG",39,50
"pr_auc","binary",0.886967532600448,"1-3arc",1,"Baldy+Frigid+XTAL",72,87
"roc_auc","binary",0.759348290598291,"1-3arc",1,"Baldy+Frigid+XTAL",72,87
"pr_auc","binary",0.971721111322474,"1-3arc",1,"GRNA+RAEL+XTAL",37,61
"roc_auc","binary",0.922779922779923,"1-3arc",1,"GRNA+RAEL+XTAL",37,61
