"Model","Metric","Value","replicate","n_test"
"Arithmetic Mean","MAE",8.52457786116323,"AP",5
"Arithmetic Mean","MSE",99.2014995300768,"AP",5
"Arithmetic Mean","RMSE",9.95999495632788,"AP",5
"Kriging","MAE",9.13537259332608,"AP",5
"Kriging","MSE",142.863957437669,"AP",5
"Kriging","RMSE",11.9525711643006,"AP",5
"XGB Poisson Spat.","MAE",8.14672286212444,"AP",5
"XGB Poisson Spat.","MSE",132.545544725889,"AP",5
"XGB Poisson Spat.","RMSE",11.5128425997183,"AP",5
"XGB Poisson","MAE",12.1582343323156,"AP",5
"XGB Poisson","MSE",239.806387443241,"AP",5
"XGB Poisson","RMSE",15.4856833056614,"AP",5
"XBG Tweedie Spat.","MAE",10.9170639812946,"AP",5
"XBG Tweedie Spat.","MSE",205.291676357247,"AP",5
"XBG Tweedie Spat.","RMSE",14.3280032229633,"AP",5
"XGB Tweedie","MAE",11.0142941743135,"AP",5
"XGB Tweedie","MSE",205.360007593219,"AP",5
"XGB Tweedie","RMSE",14.3303875590725,"AP",5
"LGBM Poisson Spat.","MAE",9.79669677905337,"AP",5
"LGBM Poisson Spat.","MSE",180.106658297846,"AP",5
"LGBM Poisson Spat.","RMSE",13.4203821964148,"AP",5
"Poisson","MAE",10.2228335843672,"AP",5
"Poisson","MSE",189.577301493818,"AP",5
"Poisson","RMSE",13.7687073283522,"AP",5
"NegBin","MAE",87.4016650568638,"AP",5
"NegBin","MSE",11341.7804787961,"AP",5
"NegBin","RMSE",106.497795652286,"AP",5
"Hurdle Poisson","MAE",34.7409626281318,"AP",5
"Hurdle Poisson","MSE",1353.8123856385,"AP",5
"Hurdle Poisson","RMSE",36.7941895635507,"AP",5
"Hurdle NegBin","MAE",19.8070166347225,"AP",5
"Hurdle NegBin","MSE",516.136031029645,"AP",5
"Hurdle NegBin","RMSE",22.7186274019723,"AP",5
"Arithmetic Mean","MAE",7.73333333333333,"AVP",13
"Arithmetic Mean","MSE",76.0805302633874,"AVP",13
"Arithmetic Mean","RMSE",8.72241539158663,"AVP",13
"Kriging","MAE",4.84712793293895,"AVP",13
"Kriging","MSE",41.5561925070607,"AVP",13
"Kriging","RMSE",6.44640927238262,"AVP",13
"XGB Poisson Spat.","MAE",3.28909182802846,"AVP",13
"XGB Poisson Spat.","MSE",40.7619181149267,"AVP",13
"XGB Poisson Spat.","RMSE",6.384506097963,"AVP",13
"XGB Poisson","MAE",3.82831397902919,"AVP",13
"XGB Poisson","MSE",55.0146733220278,"AVP",13
"XGB Poisson","RMSE",7.41718769629216,"AVP",13
"XBG Tweedie Spat.","MAE",3.72552993650047,"AVP",13
"XBG Tweedie Spat.","MSE",52.1617520284468,"AVP",13
"XBG Tweedie Spat.","RMSE",7.22230932793984,"AVP",13
"XGB Tweedie","MAE",3.71988624327171,"AVP",13
"XGB Tweedie","MSE",52.0508761035615,"AVP",13
"XGB Tweedie","RMSE",7.21462931158361,"AVP",13
"LGBM Poisson Spat.","MAE",2.67616970135624,"AVP",13
"LGBM Poisson Spat.","MSE",31.703825048888,"AVP",13
"LGBM Poisson Spat.","RMSE",5.63061497963481,"AVP",13
"Poisson","MAE",3.84615384615385,"AVP",13
"Poisson","MSE",55.5384615384615,"AVP",13
"Poisson","RMSE",7.45241313525099,"AVP",13
"NegBin","MAE",3.42645993935091,"AVP",13
"NegBin","MSE",45.0284350438281,"AVP",13
"NegBin","RMSE",6.71032302082606,"AVP",13
"Hurdle Poisson","MAE",296099.144682409,"AVP",13
"Hurdle Poisson","MSE",128674345637.459,"AVP",13
"Hurdle Poisson","RMSE",358712.06508488,"AVP",13
"Hurdle NegBin","MAE",7.74363800936161,"AVP",13
"Hurdle NegBin","MSE",73.0259426684246,"AVP",13
"Hurdle NegBin","RMSE",8.54552179029605,"AVP",13
"Arithmetic Mean","MAE",9.41840108928224,"BV",53
"Arithmetic Mean","MSE",140.827878566687,"BV",53
"Arithmetic Mean","RMSE",11.8670922540733,"BV",53
"Kriging","MAE",8.91057657625738,"BV",53
"Kriging","MSE",178.567553045076,"BV",53
"Kriging","RMSE",13.3629170859164,"BV",53
"XGB Poisson Spat.","MAE",8.46920151456769,"BV",53
"XGB Poisson Spat.","MSE",175.634237607181,"BV",53
"XGB Poisson Spat.","RMSE",13.2527068030339,"BV",53
"XGB Poisson","MAE",8.77162421349643,"BV",53
"XGB Poisson","MSE",198.774414421205,"BV",53
"XGB Poisson","RMSE",14.0987380435699,"BV",53
"XBG Tweedie Spat.","MAE",7.95533876938148,"BV",53
"XBG Tweedie Spat.","MSE",145.131784520584,"BV",53
"XBG Tweedie Spat.","RMSE",12.0470653904004,"BV",53
"XGB Tweedie","MAE",8.28903418559722,"BV",53
"XGB Tweedie","MSE",153.848226124931,"BV",53
"XGB Tweedie","RMSE",12.4035569948677,"BV",53
"LGBM Poisson Spat.","MAE",8.48233132553028,"BV",53
"LGBM Poisson Spat.","MSE",183.790860631591,"BV",53
"LGBM Poisson Spat.","RMSE",13.5569487950494,"BV",53
"Poisson","MAE",21.2479551362025,"BV",53
"Poisson","MSE",1171.88506223984,"BV",53
"Poisson","RMSE",34.2328068121772,"BV",53
"NegBin","MAE",9.07358790353007,"BV",53
"NegBin","MSE",163.974070553129,"BV",53
"NegBin","RMSE",12.8052360600314,"BV",53
"Hurdle Poisson","MAE",8.72566192659953,"BV",53
"Hurdle Poisson","MSE",176.151373910879,"BV",53
"Hurdle Poisson","RMSE",13.2722030541609,"BV",53
"Hurdle NegBin","MAE",8.75700305706247,"BV",53
"Hurdle NegBin","MSE",169.233709893307,"BV",53
"Hurdle NegBin","RMSE",13.0089857365325,"BV",53
"Arithmetic Mean","MAE",8.74957750140833,"Baldy",47
"Arithmetic Mean","MSE",90.0428435503314,"Baldy",47
"Arithmetic Mean","RMSE",9.48909076520672,"Baldy",47
"Kriging","MAE",5.46349428657846,"Baldy",47
"Kriging","MSE",58.13000206148,"Baldy",47
"Kriging","RMSE",7.62430338204613,"Baldy",47
"XGB Poisson Spat.","MAE",4.38402975255505,"Baldy",47
"XGB Poisson Spat.","MSE",52.0857826784711,"Baldy",47
"XGB Poisson Spat.","RMSE",7.21704805848424,"Baldy",47
"XGB Poisson","MAE",4.90049664001476,"Baldy",47
"XGB Poisson","MSE",75.7238747832246,"Baldy",47
"XGB Poisson","RMSE",8.70194660884705,"Baldy",47
"XBG Tweedie Spat.","MAE",5.1770360889904,"Baldy",47
"XBG Tweedie Spat.","MSE",48.1571771867092,"Baldy",47
"XBG Tweedie Spat.","RMSE",6.93953724586223,"Baldy",47
"XGB Tweedie","MAE",5.1770360889904,"Baldy",47
"XGB Tweedie","MSE",48.1571771867092,"Baldy",47
"XGB Tweedie","RMSE",6.93953724586223,"Baldy",47
"LGBM Poisson Spat.","MAE",3.88974677337676,"Baldy",47
"LGBM Poisson Spat.","MSE",42.4689396095899,"Baldy",47
"LGBM Poisson Spat.","RMSE",6.51681974659342,"Baldy",47
"Poisson","MAE",4.45662877391246,"Baldy",47
"Poisson","MSE",76.0516266144737,"Baldy",47
"Poisson","RMSE",8.72075837381553,"Baldy",47
"NegBin","MAE",3.7680760821607,"Baldy",47
"NegBin","MSE",34.9231238280203,"Baldy",47
"NegBin","RMSE",5.90957898906684,"Baldy",47
"Hurdle Poisson","MAE",4.68021264650394,"Baldy",47
"Hurdle Poisson","MSE",64.7236333630563,"Baldy",47
"Hurdle Poisson","RMSE",8.04509995979268,"Baldy",47
"Hurdle NegBin","MAE",5.70847312836213,"Baldy",47
"Hurdle NegBin","MSE",58.8043137204898,"Baldy",47
"Hurdle NegBin","RMSE",7.66839707634456,"Baldy",47
"Arithmetic Mean","MAE",31.1363636363636,"CD",98
"Arithmetic Mean","MSE",2154.74367515601,"CD",98
"Arithmetic Mean","RMSE",46.4192166581472,"CD",98
"Kriging","MAE",31.1325071236686,"CD",98
"Kriging","MSE",2151.37535694275,"CD",98
"Kriging","RMSE",46.3829209617371,"CD",98
"XGB Poisson Spat.","MAE",31.5304987219599,"CD",98
"XGB Poisson Spat.","MSE",2432.49131867235,"CD",98
"XGB Poisson Spat.","RMSE",49.3202931730171,"CD",98
"XGB Poisson","MAE",31.5304987219599,"CD",98
"XGB Poisson","MSE",2432.49131867235,"CD",98
"XGB Poisson","RMSE",49.3202931730171,"CD",98
"XBG Tweedie Spat.","MAE",31.5310745451181,"CD",98
"XBG Tweedie Spat.","MSE",2432.0982170178,"CD",98
"XBG Tweedie Spat.","RMSE",49.3163078202109,"CD",98
"XGB Tweedie","MAE",31.5298833736998,"CD",98
"XGB Tweedie","MSE",2431.49996419995,"CD",98
"XGB Tweedie","RMSE",49.3102419807483,"CD",98
"LGBM Poisson Spat.","MAE",31.5314415406073,"CD",98
"LGBM Poisson Spat.","MSE",2432.47532791212,"CD",98
"LGBM Poisson Spat.","RMSE",49.3201310613842,"CD",98
"Poisson","MAE",40.3639839500984,"CD",98
"Poisson","MSE",7287.23370867603,"CD",98
"Poisson","RMSE",85.3652956925473,"CD",98
"NegBin","MAE",31.6218218347935,"CD",98
"NegBin","MSE",2432.03461462458,"CD",98
"NegBin","RMSE",49.3156629746025,"CD",98
"Hurdle Poisson","MAE",41.8540449303408,"CD",98
"Hurdle Poisson","MSE",10002.9469007593,"CD",98
"Hurdle Poisson","RMSE",100.014733418428,"CD",98
"Hurdle NegBin","MAE",33.5623603491647,"CD",98
"Hurdle NegBin","MSE",2395.26197390516,"CD",98
"Hurdle NegBin","RMSE",48.9414136892792,"CD",98
"Arithmetic Mean","MAE",6.60272238050016,"Frigid",52
"Arithmetic Mean","MSE",82.8579732347451,"Frigid",52
"Arithmetic Mean","RMSE",9.10263551037528,"Frigid",52
"Kriging","MAE",4.95382998739435,"Frigid",52
"Kriging","MSE",71.0261475987577,"Frigid",52
"Kriging","RMSE",8.4277012048813,"Frigid",52
"XGB Poisson Spat.","MAE",4.18752444134309,"Frigid",52
"XGB Poisson Spat.","MSE",70.8795552613258,"Frigid",52
"XGB Poisson Spat.","RMSE",8.41899965918314,"Frigid",52
"XGB Poisson","MAE",4.26900037247329,"Frigid",52
"XGB Poisson","MSE",72.6992528204967,"Frigid",52
"XGB Poisson","RMSE",8.52638568330665,"Frigid",52
"XBG Tweedie Spat.","MAE",4.84190971400732,"Frigid",52
"XBG Tweedie Spat.","MSE",61.5688910896451,"Frigid",52
"XBG Tweedie Spat.","RMSE",7.84658467676512,"Frigid",52
"XGB Tweedie","MAE",5.39860897564974,"Frigid",52
"XGB Tweedie","MSE",81.0204657461394,"Frigid",52
"XGB Tweedie","RMSE",9.00113691408699,"Frigid",52
"LGBM Poisson Spat.","MAE",4.93745811736101,"Frigid",52
"LGBM Poisson Spat.","MSE",68.9230892840394,"Frigid",52
"LGBM Poisson Spat.","RMSE",8.3019930910619,"Frigid",52
"Poisson","MAE",4.53135839396388,"Frigid",52
"Poisson","MSE",81.446565669227,"Frigid",52
"Poisson","RMSE",9.02477510352624,"Frigid",52
"NegBin","MAE",4.11596399924004,"Frigid",52
"NegBin","MSE",54.6507025579662,"Frigid",52
"NegBin","RMSE",7.39261134904076,"Frigid",52
"Hurdle Poisson","MAE",5.17542255674701,"Frigid",52
"Hurdle Poisson","MSE",63.936132338448,"Frigid",52
"Hurdle Poisson","RMSE",7.99600727478709,"Frigid",52
"Hurdle NegBin","MAE",5.25244682205491,"Frigid",52
"Hurdle NegBin","MSE",70.4286083964543,"Frigid",52
"Hurdle NegBin","RMSE",8.39217542693516,"Frigid",52
"Arithmetic Mean","MAE",8.9448368009162,"GRNA",31
"Arithmetic Mean","MSE",84.7122819183841,"GRNA",31
"Arithmetic Mean","RMSE",9.20392752678899,"GRNA",31
"Kriging","MAE",5.46134207134188,"GRNA",31
"Kriging","MSE",34.3019765182193,"GRNA",31
"Kriging","RMSE",5.85678892553072,"GRNA",31
"XGB Poisson Spat.","MAE",2.57273904642751,"GRNA",31
"XGB Poisson Spat.","MSE",12.6035208543286,"GRNA",31
"XGB Poisson Spat.","RMSE",3.55014377938818,"GRNA",31
"XGB Poisson","MAE",1.14569449322599,"GRNA",31
"XGB Poisson","MSE",3.93319530774284,"GRNA",31
"XGB Poisson","RMSE",1.98322850618451,"GRNA",31
"XBG Tweedie Spat.","MAE",1.98498183014172,"GRNA",31
"XBG Tweedie Spat.","MSE",11.2321071324403,"GRNA",31
"XBG Tweedie Spat.","RMSE",3.35143359361934,"GRNA",31
"XGB Tweedie","MAE",1.92377786602705,"GRNA",31
"XGB Tweedie","MSE",10.5525889227385,"GRNA",31
"XGB Tweedie","RMSE",3.24847486102917,"GRNA",31
"LGBM Poisson Spat.","MAE",1.06359226158966,"GRNA",31
"LGBM Poisson Spat.","MSE",4.6031481536999,"GRNA",31
"LGBM Poisson Spat.","RMSE",2.14549485054146,"GRNA",31
"Poisson","MAE",1.70237717598811,"GRNA",31
"Poisson","MSE",6.18312085616393,"GRNA",31
"Poisson","RMSE",2.48658819593513,"GRNA",31
"NegBin","MAE",1.32746630708448,"GRNA",31
"NegBin","MSE",4.27269112880333,"GRNA",31
"NegBin","RMSE",2.06704889366539,"GRNA",31
"Hurdle Poisson","MAE",3.92283159386308,"GRNA",31
"Hurdle Poisson","MSE",25.099617951581,"GRNA",31
"Hurdle Poisson","RMSE",5.00995189114437,"GRNA",31
"Hurdle NegBin","MAE",4.71955274319577,"GRNA",31
"Hurdle NegBin","MSE",35.7835365445566,"GRNA",31
"Hurdle NegBin","RMSE",5.98193418089472,"GRNA",31
"Arithmetic Mean","MAE",9.14122950819672,"HB",50
"Arithmetic Mean","MSE",144.069649455791,"HB",50
"Arithmetic Mean","RMSE",12.002901709828,"HB",50
"Kriging","MAE",7.27982149767884,"HB",50
"Kriging","MSE",139.723667618738,"HB",50
"Kriging","RMSE",11.8204766240088,"HB",50
"XGB Poisson Spat.","MAE",6.63047836475074,"HB",50
"XGB Poisson Spat.","MSE",170.255579403594,"HB",50
"XGB Poisson Spat.","RMSE",13.0482021521585,"HB",50
"XGB Poisson","MAE",5.92523704605177,"HB",50
"XGB Poisson","MSE",140.687507422548,"HB",50
"XGB Poisson","RMSE",11.8611764771691,"HB",50
"XBG Tweedie Spat.","MAE",5.76479726918042,"HB",50
"XBG Tweedie Spat.","MSE",121.315428113718,"HB",50
"XBG Tweedie Spat.","RMSE",11.0143283096936,"HB",50
"XGB Tweedie","MAE",5.76479726918042,"HB",50
"XGB Tweedie","MSE",121.315428113718,"HB",50
"XGB Tweedie","RMSE",11.0143283096936,"HB",50
"LGBM Poisson Spat.","MAE",6.07255651553661,"HB",50
"LGBM Poisson Spat.","MSE",133.168168317274,"HB",50
"LGBM Poisson Spat.","RMSE",11.5398513126155,"HB",50
"Poisson","MAE",6.2378035211274,"HB",50
"Poisson","MSE",120.220267596004,"HB",50
"Poisson","RMSE",10.9645003349904,"HB",50
"NegBin","MAE",7.07594584001194,"HB",50
"NegBin","MSE",129.897695688401,"HB",50
"NegBin","RMSE",11.3972670271605,"HB",50
"Hurdle Poisson","MAE",7.81075167368498,"HB",50
"Hurdle Poisson","MSE",145.744486350607,"HB",50
"Hurdle Poisson","RMSE",12.0724681134641,"HB",50
"Hurdle NegBin","MAE",8.47610936902898,"HB",50
"Hurdle NegBin","MSE",148.556544026083,"HB",50
"Hurdle NegBin","RMSE",12.18837741564,"HB",50
"Arithmetic Mean","MAE",6.47606837606838,"RAEL",18
"Arithmetic Mean","MSE",51.5382515614727,"RAEL",18
"Arithmetic Mean","RMSE",7.17901466508272,"RAEL",18
"Kriging","MAE",3.41220276730405,"RAEL",18
"Kriging","MSE",15.6995550352316,"RAEL",18
"Kriging","RMSE",3.96226640134552,"RAEL",18
"XGB Poisson Spat.","MAE",3.08126198334826,"RAEL",18
"XGB Poisson Spat.","MSE",20.0773037327862,"RAEL",18
"XGB Poisson Spat.","RMSE",4.48077043964385,"RAEL",18
"XGB Poisson","MAE",2.90406314262913,"RAEL",18
"XGB Poisson","MSE",18.7173033487996,"RAEL",18
"XGB Poisson","RMSE",4.32634988746861,"RAEL",18
"XBG Tweedie Spat.","MAE",2.44185528055661,"RAEL",18
"XBG Tweedie Spat.","MSE",15.8771019050959,"RAEL",18
"XBG Tweedie Spat.","RMSE",3.98460812440771,"RAEL",18
"XGB Tweedie","MAE",2.88442192930314,"RAEL",18
"XGB Tweedie","MSE",20.780278277095,"RAEL",18
"XGB Tweedie","RMSE",4.55853905073709,"RAEL",18
"LGBM Poisson Spat.","MAE",2.84726002799626,"RAEL",18
"LGBM Poisson Spat.","MSE",20.1092093501565,"RAEL",18
"LGBM Poisson Spat.","RMSE",4.48432930884391,"RAEL",18
"Poisson","MAE",5.00032683346662,"RAEL",18
"Poisson","MSE",37.6255740626446,"RAEL",18
"Poisson","RMSE",6.13396886710754,"RAEL",18
"NegBin","MAE",7.10643926847377,"RAEL",18
"NegBin","MSE",83.4605773150864,"RAEL",18
"NegBin","RMSE",9.13567607323544,"RAEL",18
"Hurdle Poisson","MAE",3.54127036479845,"RAEL",18
"Hurdle Poisson","MSE",18.9055320058512,"RAEL",18
"Hurdle Poisson","RMSE",4.34804921842557,"RAEL",18
"Hurdle NegBin","MAE",3.25502208326881,"RAEL",18
"Hurdle NegBin","MSE",15.9154343753946,"RAEL",18
"Hurdle NegBin","RMSE",3.98941529242001,"RAEL",18
"Arithmetic Mean","MAE",7.95238095238095,"RG",48
"Arithmetic Mean","MSE",74.9187414965986,"RG",48
"Arithmetic Mean","RMSE",8.65556130453702,"RG",48
"Kriging","MAE",5.77940350033704,"RG",48
"Kriging","MSE",44.3693021003965,"RG",48
"Kriging","RMSE",6.66102860678413,"RG",48
"XGB Poisson Spat.","MAE",3.56381205562502,"RG",48
"XGB Poisson Spat.","MSE",37.0692111406879,"RG",48
"XGB Poisson Spat.","RMSE",6.08844899302671,"RG",48
"XGB Poisson","MAE",3.60738357695906,"RG",48
"XGB Poisson","MSE",37.4794551123204,"RG",48
"XGB Poisson","RMSE",6.12204664408239,"RG",48
"XBG Tweedie Spat.","MAE",3.11268039872327,"RG",48
"XBG Tweedie Spat.","MSE",24.5978642792192,"RG",48
"XBG Tweedie Spat.","RMSE",4.95962340094681,"RG",48
"XGB Tweedie","MAE",3.07707520279412,"RG",48
"XGB Tweedie","MSE",22.7794692735867,"RG",48
"XGB Tweedie","RMSE",4.77278422659004,"RG",48
"LGBM Poisson Spat.","MAE",3.66450518937441,"RG",48
"LGBM Poisson Spat.","MSE",40.058570727625,"RG",48
"LGBM Poisson Spat.","RMSE",6.32918404911921,"RG",48
"Poisson","MAE",4.43824817062883,"RG",48
"Poisson","MSE",61.868688127663,"RG",48
"Poisson","RMSE",7.86566514210101,"RG",48
"NegBin","MAE",3.36328556409424,"RG",48
"NegBin","MSE",30.2204500227107,"RG",48
"NegBin","RMSE",5.49731298205867,"RG",48
"Hurdle Poisson","MAE",6.33159168114875,"RG",48
"Hurdle Poisson","MSE",54.3042771222203,"RG",48
"Hurdle Poisson","RMSE",7.3691435813275,"RG",48
"Hurdle NegBin","MAE",7.51083974025797,"RG",48
"Hurdle NegBin","MSE",75.3021680728224,"RG",48
"Hurdle NegBin","RMSE",8.67768218321128,"RG",48
"Arithmetic Mean","MAE",2.52908067542214,"RV",5
"Arithmetic Mean","MSE",8.18390011580878,"RV",5
"Arithmetic Mean","RMSE",2.86075166972053,"RV",5
"Kriging","MAE",5.84836136669676,"RV",5
"Kriging","MSE",42.7044349004752,"RV",5
"Kriging","RMSE",6.53486303609152,"RV",5
"XGB Poisson Spat.","MAE",4.72594113349915,"RV",5
"XGB Poisson Spat.","MSE",38.5288548547544,"RV",5
"XGB Poisson Spat.","RMSE",6.20716157794804,"RV",5
"XGB Poisson","MAE",5.75605058670044,"RV",5
"XGB Poisson","MSE",41.2547367195993,"RV",5
"XGB Poisson","RMSE",6.42298503186792,"RV",5
"XBG Tweedie Spat.","MAE",3.94095232486725,"RV",5
"XBG Tweedie Spat.","MSE",35.5811373703906,"RV",5
"XBG Tweedie Spat.","RMSE",5.96499265468036,"RV",5
"XGB Tweedie","MAE",3.94095232486725,"RV",5
"XGB Tweedie","MSE",35.5811373703906,"RV",5
"XGB Tweedie","RMSE",5.96499265468036,"RV",5
"LGBM Poisson Spat.","MAE",5.84739483915904,"RV",5
"LGBM Poisson Spat.","MSE",51.4249187152829,"RV",5
"LGBM Poisson Spat.","RMSE",7.17111697821775,"RV",5
"Poisson","MAE",54.4452026590162,"RV",5
"Poisson","MSE",3303.66146107436,"RV",5
"Poisson","RMSE",57.4774865584288,"RV",5
"NegBin","MAE",43.7014071443742,"RV",5
"NegBin","MSE",2699.73452610929,"RV",5
"NegBin","RMSE",51.9589696405663,"RV",5
"Hurdle Poisson","MAE",2.96334657879039,"RV",5
"Hurdle Poisson","MSE",10.7925469862338,"RV",5
"Hurdle Poisson","RMSE",3.28520120939856,"RV",5
"Hurdle NegBin","MAE",4.25555646690322,"RV",5
"Hurdle NegBin","MSE",24.6103810783519,"RV",5
"Hurdle NegBin","RMSE",4.96088511037616,"RV",5
"Arithmetic Mean","MAE",8.78772185359012,"XTAL",37
"Arithmetic Mean","MSE",88.0108174437121,"XTAL",37
"Arithmetic Mean","RMSE",9.38140807361625,"XTAL",37
"Kriging","MAE",4.89929252645496,"XTAL",37
"Kriging","MSE",44.3123037710998,"XTAL",37
"Kriging","RMSE",6.65674873876878,"XTAL",37
"XGB Poisson Spat.","MAE",2.96649195414943,"XTAL",37
"XGB Poisson Spat.","MSE",28.3357975123539,"XTAL",37
"XGB Poisson Spat.","RMSE",5.32313793850525,"XTAL",37
"XGB Poisson","MAE",2.78410900625828,"XTAL",37
"XGB Poisson","MSE",28.1525817583965,"XTAL",37
"XGB Poisson","RMSE",5.30590065478016,"XTAL",37
"XBG Tweedie Spat.","MAE",3.2748298302318,"XTAL",37
"XBG Tweedie Spat.","MSE",30.3873753053903,"XTAL",37
"XBG Tweedie Spat.","RMSE",5.51247451743682,"XTAL",37
"XGB Tweedie","MAE",3.17311608411271,"XTAL",37
"XGB Tweedie","MSE",29.6820763969567,"XTAL",37
"XGB Tweedie","RMSE",5.44812595274345,"XTAL",37
"LGBM Poisson Spat.","MAE",2.54105064278352,"XTAL",37
"LGBM Poisson Spat.","MSE",29.2768756489912,"XTAL",37
"LGBM Poisson Spat.","RMSE",5.41081099734514,"XTAL",37
"Poisson","MAE",17.9449545391963,"XTAL",37
"Poisson","MSE",580.698013294978,"XTAL",37
"Poisson","RMSE",24.0976765123731,"XTAL",37
"NegBin","MAE",18.1519146230826,"XTAL",37
"NegBin","MSE",921.345677261923,"XTAL",37
"NegBin","RMSE",30.3536765032166,"XTAL",37
"Hurdle Poisson","MAE",9.23128341941333,"XTAL",37
"Hurdle Poisson","MSE",220.209866342649,"XTAL",37
"Hurdle Poisson","RMSE",14.8394698807824,"XTAL",37
"Hurdle NegBin","MAE",10.3851037713143,"XTAL",37
"Hurdle NegBin","MSE",230.255820905496,"XTAL",37
"Hurdle NegBin","RMSE",15.1741827096386,"XTAL",37
"Arithmetic Mean","MAE",7.88826882688269,"YP",33
"Arithmetic Mean","MSE",70.7720761779148,"YP",33
"Arithmetic Mean","RMSE",8.41261411084063,"YP",33
"Kriging","MAE",3.27858490510444,"YP",33
"Kriging","MSE",12.5960952401139,"YP",33
"Kriging","RMSE",3.54909780650152,"YP",33
"XGB Poisson Spat.","MAE",3.31539434555805,"YP",33
"XGB Poisson Spat.","MSE",16.4838312508498,"YP",33
"XGB Poisson Spat.","RMSE",4.06002847906881,"YP",33
"XGB Poisson","MAE",1.66677179689886,"YP",33
"XGB Poisson","MSE",7.96510062562631,"YP",33
"XGB Poisson","RMSE",2.82225098558337,"YP",33
"XBG Tweedie Spat.","MAE",2.1575019978777,"YP",33
"XBG Tweedie Spat.","MSE",10.6596154666254,"YP",33
"XBG Tweedie Spat.","RMSE",3.26490665511671,"YP",33
"XGB Tweedie","MAE",2.42828343913072,"YP",33
"XGB Tweedie","MSE",13.4692276121528,"YP",33
"XGB Tweedie","RMSE",3.67004463353687,"YP",33
"LGBM Poisson Spat.","MAE",1.8846120627503,"YP",33
"LGBM Poisson Spat.","MSE",10.5038459292717,"YP",33
"LGBM Poisson Spat.","RMSE",3.24096373464309,"YP",33
"Poisson","MAE",2.24420404495707,"YP",33
"Poisson","MSE",13.5631065999031,"YP",33
"Poisson","RMSE",3.68281232211242,"YP",33
"NegBin","MAE",1.40666043805924,"YP",33
"NegBin","MSE",5.92397420796992,"YP",33
"NegBin","RMSE",2.43392156980662,"YP",33
"Hurdle Poisson","MAE",2.96271073086208,"YP",33
"Hurdle Poisson","MSE",11.083920271904,"YP",33
"Hurdle Poisson","RMSE",3.32925220911604,"YP",33
"Hurdle NegBin","MAE",3.23532013294703,"YP",33
"Hurdle NegBin","MSE",13.2985412985249,"YP",33
"Hurdle NegBin","RMSE",3.64671650920728,"YP",33
"kNN (within pop)","MAE",9.21760594005326,"AP",5
"kNN (within pop)","MSE",144.823403586626,"AP",5
"kNN (within pop)","RMSE",12.0342595778314,"AP",5
"kNN (across pop)","MAE",8.0331914893617,"AP",5
"kNN (across pop)","MSE",117.901584427343,"AP",5
"kNN (across pop)","RMSE",10.8582496023688,"AP",5
"kNN (within pop)","MAE",5.53043103177754,"AVP",13
"kNN (within pop)","MSE",41.0296157789519,"AVP",13
"kNN (within pop)","RMSE",6.40543642376942,"AVP",13
"kNN (across pop)","MAE",4.43347193347193,"AVP",13
"kNN (across pop)","MSE",46.1239113333708,"AVP",13
"kNN (across pop)","RMSE",6.7914587043853,"AVP",13
"kNN (within pop)","MAE",8.84816606172113,"BV",53
"kNN (within pop)","MSE",164.572802937015,"BV",53
"kNN (within pop)","RMSE",12.8285931784048,"BV",53
"kNN (across pop)","MAE",8.86957800770947,"BV",53
"kNN (across pop)","MSE",155.204992980975,"BV",53
"kNN (across pop)","RMSE",12.4581295940031,"BV",53
"kNN (within pop)","MAE",6.13126627881456,"Baldy",47
"kNN (within pop)","MSE",59.3665970896511,"Baldy",47
"kNN (within pop)","RMSE",7.70497223159507,"Baldy",47
"kNN (across pop)","MAE",5.54724839333625,"Baldy",47
"kNN (across pop)","MSE",54.103211431221,"Baldy",47
"kNN (across pop)","RMSE",7.35548852430761,"Baldy",47
"kNN (within pop)","MAE",31.1141092233794,"CD",98
"kNN (within pop)","MSE",2135.42341914734,"CD",98
"kNN (within pop)","RMSE",46.2106418387295,"CD",98
"kNN (across pop)","MAE",30.9163699522362,"CD",98
"kNN (across pop)","MSE",1975.36049888674,"CD",98
"kNN (across pop)","RMSE",44.4450278308693,"CD",98
"kNN (within pop)","MAE",5.17026424420321,"Frigid",52
"kNN (within pop)","MSE",76.2507302311288,"Frigid",52
"kNN (within pop)","RMSE",8.73216641109918,"Frigid",52
"kNN (across pop)","MAE",5.211875,"Frigid",52
"kNN (across pop)","MSE",79.7786673677885,"Frigid",52
"kNN (across pop)","RMSE",8.93189046998386,"Frigid",52
"kNN (within pop)","MAE",4.89596157883241,"GRNA",31
"kNN (within pop)","MSE",27.2421312000497,"GRNA",31
"kNN (within pop)","RMSE",5.21939950569505,"GRNA",31
"kNN (across pop)","MAE",5.73243979401113,"GRNA",31
"kNN (across pop)","MSE",38.8161249319503,"GRNA",31
"kNN (across pop)","RMSE",6.23025881741283,"GRNA",31
"kNN (within pop)","MAE",7.29401243439666,"HB",50
"kNN (within pop)","MSE",142.136190387389,"HB",50
"kNN (within pop)","RMSE",11.9220883400262,"HB",50
"kNN (across pop)","MAE",7.22201171087964,"HB",50
"kNN (across pop)","MSE",151.667088435148,"HB",50
"kNN (across pop)","RMSE",12.3153192583525,"HB",50
"kNN (within pop)","MAE",3.6529608949346,"RAEL",18
"kNN (within pop)","MSE",18.0035218051772,"RAEL",18
"kNN (within pop)","RMSE",4.24305571554006,"RAEL",18
"kNN (across pop)","MAE",3.71048894299046,"RAEL",18
"kNN (across pop)","MSE",18.5943951792467,"RAEL",18
"kNN (across pop)","RMSE",4.31212188826414,"RAEL",18
"kNN (within pop)","MAE",5.75051740833815,"RG",48
"kNN (within pop)","MSE",44.0071952759155,"RG",48
"kNN (within pop)","RMSE",6.63379192286851,"RG",48
"kNN (across pop)","MAE",7.11764937106918,"RG",48
"kNN (across pop)","MSE",64.8348682063605,"RG",48
"kNN (across pop)","RMSE",8.05201019661305,"RG",48
"kNN (within pop)","MAE",4.58934323342211,"RV",5
"kNN (within pop)","MSE",29.2220713141573,"RV",5
"kNN (within pop)","RMSE",5.40574428863938,"RV",5
"kNN (across pop)","MAE",4.16853317102861,"RV",5
"kNN (across pop)","MSE",25.5366687979658,"RV",5
"kNN (across pop)","RMSE",5.05338191689148,"RV",5
"kNN (within pop)","MAE",5.22658897562529,"XTAL",37
"kNN (within pop)","MSE",41.5623360087859,"XTAL",37
"kNN (within pop)","RMSE",6.44688576048823,"XTAL",37
"kNN (across pop)","MAE",4.74904995904996,"XTAL",37
"kNN (across pop)","MSE",40.4616995383814,"XTAL",37
"kNN (across pop)","RMSE",6.36095115044766,"XTAL",37
"kNN (within pop)","MAE",4.11085499098662,"YP",33
"kNN (within pop)","MSE",20.598249444766,"YP",33
"kNN (within pop)","RMSE",4.53852943636659,"YP",33
"kNN (across pop)","MAE",2.88166220441444,"YP",33
"kNN (across pop)","MSE",10.1798980482505,"YP",33
"kNN (across pop)","RMSE",3.190595249832,"YP",33
