"metric","estimator","estimate","std_error","resolution","iteration","replicate","n_test_presence","n_test_absence"
"pr_auc","binary",0.766353039373145,NA,"1arc",1,"Baldy+GRNA",26,58
"roc_auc","binary",0.503496503496504,NA,"1arc",1,"Baldy+GRNA",26,58
"brier_class","binary",0.480818594594595,NA,"1arc",1,"Baldy+GRNA",26,58
"cox_intercept","glm",-0.552993677617071,0.388072670999172,"1arc",1,"Baldy+GRNA",26,58
"cox_slope","glm",0.11838532305657,0.405837239463643,"1arc",1,"Baldy+GRNA",26,58
"pr_auc","binary",0.942769466209729,NA,"1arc",1,"AVP+BV",38,25
"roc_auc","binary",0.647368421052632,NA,"1arc",1,"AVP+BV",38,25
"brier_class","binary",0.461301095607235,NA,"1arc",1,"AVP+BV",38,25
"cox_intercept","glm",1.86206904974843,0.510155243693011,"1arc",1,"AVP+BV",38,25
"cox_slope","glm",0.395868627971364,0.375604492986575,"1arc",1,"AVP+BV",38,25
"pr_auc","binary",0.954804794093838,NA,"1arc",1,"HB+RV+YP",46,49
"roc_auc","binary",0.726449275362319,NA,"1arc",1,"HB+RV+YP",46,49
"brier_class","binary",0.439301230769231,NA,"1arc",1,"HB+RV+YP",46,49
"cox_intercept","glm",1.7072796393596,0.451356264084406,"1arc",1,"HB+RV+YP",46,49
"cox_slope","glm",0.898548758510955,0.552792865738743,"1arc",1,"HB+RV+YP",46,49
"pr_auc","binary",0.916403428799264,NA,"1arc",1,"Frigid+RAEL",46,37
"roc_auc","binary",0.695652173913044,NA,"1arc",1,"Frigid+RAEL",46,37
"brier_class","binary",0.615091788461539,NA,"1arc",1,"Frigid+RAEL",46,37
"cox_intercept","glm",0.524589616538829,0.439059712204391,"1arc",1,"Frigid+RAEL",46,37
"cox_slope","glm",1.30591258680604,0.996112309703308,"1arc",1,"Frigid+RAEL",46,37
"pr_auc","binary",0.864102371610318,NA,"1arc",1,"CD+XTAL",66,63
"roc_auc","binary",0.487179487179487,NA,"1arc",1,"CD+XTAL",66,63
"brier_class","binary",0.238859291139241,NA,"1arc",1,"CD+XTAL",66,63
"cox_intercept","glm",6.01438672449069,0.333675549371585,"1arc",1,"CD+XTAL",66,63
"cox_slope","glm",0.103058960922856,0.133661310352967,"1arc",1,"CD+XTAL",66,63
"pr_auc","binary",0.894561555869278,NA,"1arc",1,"Frigid+GRNA+RAEL",54,59
"roc_auc","binary",0.723456790123457,NA,"1arc",1,"Frigid+GRNA+RAEL",54,59
"brier_class","binary",0.63272915942029,NA,"1arc",1,"Frigid+GRNA+RAEL",54,59
"cox_intercept","glm",-0.466060962278822,0.322655473925569,"1arc",1,"Frigid+GRNA+RAEL",54,59
"cox_slope","glm",0.890177463261497,0.315850287278201,"1arc",1,"Frigid+GRNA+RAEL",54,59
"pr_auc","binary",0.95568110262222,NA,"1arc",1,"AP+RG",23,37
"roc_auc","binary",0.811594202898551,NA,"1arc",1,"AP+RG",23,37
"brier_class","binary",0.604172513409962,NA,"1arc",1,"AP+RG",23,37
"cox_intercept","glm",0.510745820846686,0.613687631327212,"1arc",1,"AP+RG",23,37
"cox_slope","glm",0.433174231128609,0.257152632477489,"1arc",1,"AP+RG",23,37
"pr_auc","binary",0.845961339293426,NA,"1arc",1,"GRNA+HB",32,55
"roc_auc","binary",0.721153846153846,NA,"1arc",1,"GRNA+HB",32,55
"brier_class","binary",0.490634334,NA,"1arc",1,"GRNA+HB",32,55
"cox_intercept","glm",-0.200755781439918,0.350776863806279,"1arc",1,"GRNA+HB",32,55
"cox_slope","glm",1.15520025329306,0.478948641757562,"1arc",1,"GRNA+HB",32,55
"pr_auc","binary",0.817779718403887,NA,"1arc",1,"BV+GRNA+RG",62,76
"roc_auc","binary",0.683467741935484,NA,"1arc",1,"BV+GRNA+RG",62,76
"brier_class","binary",0.537664585365854,NA,"1arc",1,"BV+GRNA+RG",62,76
"cox_intercept","glm",0.349993774761867,0.318169586024869,"1arc",1,"BV+GRNA+RG",62,76
"cox_slope","glm",0.345612985228076,0.165945137716999,"1arc",1,"BV+GRNA+RG",62,76
"pr_auc","binary",0.90219134269284,NA,"1arc",1,"AVP+Frigid+HB",65,63
"roc_auc","binary",0.779487179487179,NA,"1arc",1,"AVP+Frigid+HB",65,63
"brier_class","binary",0.555693879518072,NA,"1arc",1,"AVP+Frigid+HB",65,63
"cox_intercept","glm",0.0432424925342471,0.282392191246283,"1arc",1,"AVP+Frigid+HB",65,63
"cox_slope","glm",1.52661953629419,0.458087085321533,"1arc",1,"AVP+Frigid+HB",65,63
