"model","resolution","iteration","pa_ratio","dist_order","seed","cv_structure","orig_pr_auc","orig_roc_auc","n","pr_auc"
"1-3arc-Iteration0-PA1:1.25DO:0-Seed1016","1/3 arc-second",0,"1:1.25","0",1016,"spatial knndm",0.713707098564,0.641065830721003,284,0.428952208323824
"1-3arc-Iteration0-PA1:1.25DO:0-Seed1017","1/3 arc-second",0,"1:1.25","0",1017,"spatial knndm",0.836417298214354,0.831818181818182,284,0.419428220639869
"1-3arc-Iteration0-PA1:1.25DO:0-Seed1018","1/3 arc-second",0,"1:1.25","0",1018,"spatial knndm",0.805050305837523,0.824242424242424,284,0.409273562513486
"1-3arc-Iteration0-PA1:1.25DO:0-Seed1019","1/3 arc-second",0,"1:1.25","0",1019,"spatial knndm",0.716906610689715,0.690340909090909,284,0.522545846123062
"1-3arc-Iteration0-PA1:1.25DO:0-Seed1020","1/3 arc-second",0,"1:1.25","0",1020,"spatial knndm",0.80517072307967,0.83307210031348,284,0.527947341179274
"1-3arc-Iteration0-PA1:1.25DO:0-Seed1026","1/3 arc-second",0,"1:1.25","0",1026,"spatial knndm",0.877865030038854,0.877705627705628,284,0.397736387961902
"1-3arc-Iteration0-PA1:1.25DO:0-Seed1027","1/3 arc-second",0,"1:1.25","0",1027,"spatial knndm",0.668075793762426,0.50487012987013,284,0.518232917797542
"1-3arc-Iteration0-PA1:1.25DO:0-Seed1028","1/3 arc-second",0,"1:1.25","0",1028,"spatial knndm",0.775215830836311,0.743371212121212,284,0.499075226747741
"1-3arc-Iteration0-PA1:1.25DO:0-Seed1029","1/3 arc-second",0,"1:1.25","0",1029,"spatial knndm",0.719708888293945,0.62987012987013,284,0.535895071630268
"1-3arc-Iteration0-PA1:1.25DO:0-Seed1030","1/3 arc-second",0,"1:1.25","0",1030,"spatial knndm",0.705453856195995,0.589090909090909,284,0.539452368820055
"1-3arc-Iteration0-PA1:1.25DO:0-Seed1031","1/3 arc-second",0,"1:1.25","0",1031,"spatial knndm",0.67777281579388,0.522727272727273,284,0.571066940659581
"1-3arc-Iteration0-PA1:1.25DO:0-Seed1032","1/3 arc-second",0,"1:1.25","0",1032,"spatial knndm",0.79360669250364,0.745867768595041,284,0.430430361699262
"1-3arc-Iteration0-PA1:1.25DO:0-Seed1033","1/3 arc-second",0,"1:1.25","0",1033,"spatial knndm",0.751070871579617,0.751228501228501,284,0.451493920511263
"1-3arc-Iteration0-PA1:1.25DO:0-Seed1034","1/3 arc-second",0,"1:1.25","0",1034,"spatial knndm",0.752541794398834,0.772077922077922,284,0.401051571783516
"1-3arc-Iteration0-PA1:1.25DO:0-Seed1035","1/3 arc-second",0,"1:1.25","0",1035,"spatial knndm",0.779843554956496,0.761363636363636,284,0.49117526812273
"1-3arc-Iteration0-PA1:1.5DO:0-Seed1013","1/3 arc-second",0,"1:1.5","0",1013,"spatial knndm",0.685581684646733,0.605571847507331,284,0.557939483915961
"1-3arc-Iteration0-PA1:1.5DO:0-Seed1014","1/3 arc-second",0,"1:1.5","0",1014,"spatial knndm",0.854562305333235,0.884012539184953,284,0.410511562038175
"1-3arc-Iteration0-PA1:1.5DO:0-Seed1015","1/3 arc-second",0,"1:1.5","0",1015,"spatial knndm",0.669558860198812,0.591437632135307,284,0.517561603282443
"1-3arc-Iteration0-PA1:1.75DO:0-Seed1021","1/3 arc-second",0,"1:1.75","0",1021,"spatial knndm",0.769114756345567,0.78030303030303,284,0.412488231044097
"1-3arc-Iteration0-PA1:1.75DO:0-Seed1022","1/3 arc-second",0,"1:1.75","0",1022,"spatial knndm",0.692634669302717,0.679292929292929,284,0.496591785756726
"1-3arc-Iteration0-PA1:1.75DO:0-Seed1023","1/3 arc-second",0,"1:1.75","0",1023,"spatial knndm",0.740641361827355,0.782051282051282,284,0.40439252702108
"1-3arc-Iteration0-PA1:1.75DO:0-Seed1024","1/3 arc-second",0,"1:1.75","0",1024,"spatial knndm",0.770277188459999,0.8,284,0.382952202770342
"1-3arc-Iteration0-PA1:1.75DO:0-Seed1025","1/3 arc-second",0,"1:1.75","0",1025,"spatial knndm",0.633276819251907,0.546936758893281,284,0.392634568048448
"1-3arc-Iteration0-PA1:1DO:0-Seed1001","1/3 arc-second",0,"1:1","0",1001,"spatial knndm",0.697561858475756,0.617554858934169,284,0.505240985621335
"1-3arc-Iteration0-PA1:1DO:0-Seed1002","1/3 arc-second",0,"1:1","0",1002,"spatial knndm",0.746905468638098,0.607954545454545,284,0.448390938002148
"1-3arc-Iteration0-PA1:1DO:0-Seed1003","1/3 arc-second",0,"1:1","0",1003,"spatial knndm",0.688358229585263,0.575,284,0.559107411720193
"1-3arc-Iteration0-PA1:2DO:0-Seed1004","1/3 arc-second",0,"1:2","0",1004,"spatial knndm",0.785014666784715,0.815656565656566,284,0.392776115732603
"1-3arc-Iteration0-PA1:2DO:0-Seed1005","1/3 arc-second",0,"1:2","0",1005,"spatial knndm",0.813477998840777,0.848295454545455,284,0.457281539051807
"1-3arc-Iteration0-PA1:2DO:0-Seed1006","1/3 arc-second",0,"1:2","0",1006,"spatial knndm",0.678178711642618,0.717996289424861,284,0.441384203604396
"1-3arc-Iteration0-PA1:3DO:0-Seed1007","1/3 arc-second",0,"1:3","0",1007,"spatial knndm",0.710544238404788,0.823593073593074,284,0.433862211589046
"1-3arc-Iteration0-PA1:3DO:0-Seed1008","1/3 arc-second",0,"1:3","0",1008,"spatial knndm",0.601558790276119,0.620081411126187,284,0.45403948776281
"1-3arc-Iteration0-PA1:3DO:0-Seed1009","1/3 arc-second",0,"1:3","0",1009,"spatial knndm",0.694961190756699,0.796187683284457,284,0.415348798152544
"1-3arc-Iteration0-PA1:4DO:0-Seed1010","1/3 arc-second",0,"1:4","0",1010,"spatial knndm",0.625238120410518,0.770729270729271,284,0.457220459697391
"1-3arc-Iteration0-PA1:4DO:0-Seed1011","1/3 arc-second",0,"1:4","0",1011,"spatial knndm",0.654370439845598,0.791580578512397,284,0.430131529669949
"1-3arc-Iteration0-PA1:4DO:0-Seed1012","1/3 arc-second",0,"1:4","0",1012,"spatial knndm",0.685971928311358,0.751352813852814,284,0.473084447762968
"1-3arc-Iteration1-PA1:1DO:0-Seed1001","1/3 arc-second",1,"1:1","0",1001,"spatial knndm",0.541363937172897,0.302355114292311,284,0.522573145090249
"1-3arc-Iteration1-PA1:1DO:0-Seed1002","1/3 arc-second",1,"1:1","0",1002,"spatial knndm",0.561923574003687,0.474025974025974,284,0.467676945253997
"1-3arc-Iteration1-PA1:1DO:0-Seed1003","1/3 arc-second",1,"1:1","0",1003,"spatial knndm",0.546521106005418,0.426490449546595,284,0.486107304947534
"1-3arc-Iteration1-PA1:1DO:0-Seed1013","1/3 arc-second",1,"1:1","0",1013,"spatial knndm",0.566175076294032,0.440089814247806,284,0.500876190823745
"1-3arc-Iteration1-PA1:1DO:0-Seed1014","1/3 arc-second",1,"1:1","0",1014,"spatial knndm",0.55321426084865,0.393832693128468,284,0.4772200663322
"1-3arc-Iteration1-PA1:1DO:0-Seed1015","1/3 arc-second",1,"1:1","0",1015,"spatial knndm",0.537881049042377,0.478293289146645,284,0.519698506566286
"1-3arc-Iteration1-PA1:1DO:0-Seed1016","1/3 arc-second",1,"1:1","0",1016,"spatial knndm",0.501863478340123,0.444996293550778,284,0.519581375686739
"1-3arc-Iteration1-PA1:1DO:0-Seed1017","1/3 arc-second",1,"1:1","0",1017,"spatial knndm",0.517949354896746,0.400291995877705,284,0.49216754185073
"1-3arc-Iteration1-PA1:1DO:0-Seed1018","1/3 arc-second",1,"1:1","0",1018,"spatial knndm",0.565391371417785,0.482033224990971,284,0.509003945097023
"1-3arc-Iteration1-PA1:1DO:0-Seed1019","1/3 arc-second",1,"1:1","0",1019,"spatial knndm",0.599582452206353,0.451974139921496,284,0.48984782269607
"1-3arc-Iteration1-PA1:1DO:0-Seed1020","1/3 arc-second",1,"1:1","0",1020,"spatial knndm",0.584829526344227,0.51084887704606,284,0.474599069763743
"1-3arc-Iteration1-PA1:1DO:0-Seed1021","1/3 arc-second",1,"1:1","0",1021,"spatial knndm",0.547973086198208,0.401890796835809,284,0.498647806480513
"1-3arc-Iteration1-PA1:1DO:0-Seed1022","1/3 arc-second",1,"1:1","0",1022,"spatial knndm",0.536118332991812,0.41305525460455,284,0.521759974735435
"1-3arc-Iteration1-PA1:2DO:0-Seed1004","1/3 arc-second",1,"1:2","0",1004,"spatial knndm",0.445580269428703,0.493106526482841,284,0.50368155249707
"1-3arc-Iteration1-PA1:2DO:0-Seed1005","1/3 arc-second",1,"1:2","0",1005,"spatial knndm",0.447695693364858,0.454484258492129,284,0.513586205536834
"1-3arc-Iteration1-PA1:2DO:0-Seed1006","1/3 arc-second",1,"1:2","0",1006,"spatial knndm",0.488957946492298,0.540386256935553,284,0.499753412338144
"1-3arc-Iteration1-PA1:3.95750708215297DO:0-Seed1010","1/3 arc-second",1,"1:3.95750708215297","0",1010,"spatial knndm",0.308503207333441,0.348993963782696,284,0.527124869353893
"1-3arc-Iteration1-PA1:3.95750708215297DO:0-Seed1011","1/3 arc-second",1,"1:3.95750708215297","0",1011,"spatial knndm",0.309303837852065,0.463832997987928,284,0.49191902918093
"1-3arc-Iteration1-PA1:3.95750708215297DO:0-Seed1012","1/3 arc-second",1,"1:3.95750708215297","0",1012,"spatial knndm",0.306540557931075,0.349949698189135,284,0.524064574148137
"1-3arc-Iteration1-PA1:3DO:0-Seed1007","1/3 arc-second",1,"1:3","0",1007,"spatial knndm",0.353475285621375,0.4458486076275,284,0.532401129551839
"1-3arc-Iteration1-PA1:3DO:0-Seed1008","1/3 arc-second",1,"1:3","0",1008,"spatial knndm",0.358358148509298,0.436889278253252,284,0.516783359203256
"1-3arc-Iteration1-PA1:3DO:0-Seed1009","1/3 arc-second",1,"1:3","0",1009,"spatial knndm",0.35600552821678,0.359918129466454,284,0.528667761410972
"1arc-Iteration0-PA1:1.25DO:0-Seed1022","1 arc-second",0,"1:1.25","0",1022,"spatial knndm",0.946217698423581,0.931481481481481,284,0.503674776213869
"1arc-Iteration0-PA1:1.25DO:0-Seed1023","1 arc-second",0,"1:1.25","0",1023,"spatial knndm",0.815383197004886,0.789351851851852,284,0.487428868340826
"1arc-Iteration0-PA1:1.25DO:0-Seed1024","1 arc-second",0,"1:1.25","0",1024,"spatial knndm",0.864557363960206,0.855820105820106,284,0.446038214537663
"1arc-Iteration0-PA1:1.25DO:0-Seed1025","1 arc-second",0,"1:1.25","0",1025,"spatial knndm",0.860182852641648,0.856837606837607,284,0.465163542347122
"1arc-Iteration0-PA1:1.25DO:0-Seed1026","1 arc-second",0,"1:1.25","0",1026,"spatial knndm",0.874357082569289,0.850877192982456,284,0.502953917262845
"1arc-Iteration0-PA1:1.5DO:0-Seed1013","1 arc-second",0,"1:1.5","0",1013,"spatial knndm",0.863416422001472,0.864444444444444,284,0.452517199519798
"1arc-Iteration0-PA1:1.5DO:0-Seed1014","1 arc-second",0,"1:1.5","0",1014,"spatial knndm",0.923233337217255,0.919191919191919,284,0.450652416852265
"1arc-Iteration0-PA1:1.5DO:0-Seed1015","1 arc-second",0,"1:1.5","0",1015,"spatial knndm",0.877840577955855,0.882183908045977,284,0.524074339802542
"1arc-Iteration0-PA1:1.75DO:0-Seed1027","1 arc-second",0,"1:1.75","0",1027,"spatial knndm",0.830086907989385,0.842261904761905,284,0.516505361484294
"1arc-Iteration0-PA1:1.75DO:0-Seed1028","1 arc-second",0,"1:1.75","0",1028,"spatial knndm",0.896619399855404,0.889917695473251,284,0.518572115676712
"1arc-Iteration0-PA1:1.75DO:0-Seed1029","1 arc-second",0,"1:1.75","0",1029,"spatial knndm",0.897566082357364,0.936507936507937,284,0.523882599366363
"1arc-Iteration0-PA1:1.75DO:0-Seed1030","1 arc-second",0,"1:1.75","0",1030,"spatial knndm",0.844617945568669,0.862847222222222,284,0.522936036131123
"1arc-Iteration0-PA1:1.75DO:0-Seed1031","1 arc-second",0,"1:1.75","0",1031,"spatial knndm",0.902429328215212,0.930555555555556,284,0.520878444152194
"1arc-Iteration0-PA1:1DO:0-Seed1001","1 arc-second",0,"1:1","0",1001,"spatial knndm",0.82983045269215,0.81280193236715,284,0.499827631669402
"1arc-Iteration0-PA1:1DO:0-Seed1002","1 arc-second",0,"1:1","0",1002,"spatial knndm",0.969465152829502,0.960069444444444,284,0.483013935089462
"1arc-Iteration0-PA1:1DO:0-Seed1003","1 arc-second",0,"1:1","0",1003,"spatial knndm",0.871986303075054,0.861111111111111,284,0.451165526769757
"1arc-Iteration0-PA1:1DO:0-Seed1052","1 arc-second",0,"1:1","0",1052,"spatial knndm",0.899405377585632,0.896825396825397,284,0.501224024193197
"1arc-Iteration0-PA1:1DO:0-Seed1053","1 arc-second",0,"1:1","0",1053,"spatial knndm",0.927686962303835,0.901709401709402,284,0.511230507168434
"1arc-Iteration0-PA1:1DO:0-Seed1054","1 arc-second",0,"1:1","0",1054,"spatial knndm",0.913471505346505,0.873263888888889,284,0.430284942603924
"1arc-Iteration0-PA1:1DO:0-Seed1055","1 arc-second",0,"1:1","0",1055,"spatial knndm",0.954728296548528,0.94047619047619,284,0.455887712093901
"1arc-Iteration0-PA1:1DO:0-Seed1056","1 arc-second",0,"1:1","0",1056,"spatial knndm",0.928160936640796,0.915032679738562,284,0.441356807424635
"1arc-Iteration0-PA1:1DO:0-Seed1057","1 arc-second",0,"1:1","0",1057,"spatial knndm",0.88764619814248,0.838541666666667,284,0.490218058012932
"1arc-Iteration0-PA1:1DO:0-Seed1058","1 arc-second",0,"1:1","0",1058,"spatial knndm",0.915101140021161,0.927083333333333,284,0.477868399866911
"1arc-Iteration0-PA1:1DO:0-Seed1059","1 arc-second",0,"1:1","0",1059,"spatial knndm",0.925151422082884,0.876984126984127,284,0.447950288445453
"1arc-Iteration0-PA1:1DO:0-Seed1060","1 arc-second",0,"1:1","0",1060,"spatial knndm",0.896922056101735,0.906565656565657,284,0.492529563084964
"1arc-Iteration0-PA1:1DO:0-Seed1061","1 arc-second",0,"1:1","0",1061,"spatial knndm",0.85023907762483,0.789473684210526,284,0.522071875081133
"1arc-Iteration0-PA1:2.25DO:0-Seed1032","1 arc-second",0,"1:2.25","0",1032,"spatial knndm",0.795295886788022,0.857046070460705,284,0.542183182791175
"1arc-Iteration0-PA1:2.25DO:0-Seed1033","1 arc-second",0,"1:2.25","0",1033,"spatial knndm",0.88799539179601,0.932624113475177,284,0.419435780941914
"1arc-Iteration0-PA1:2.25DO:0-Seed1034","1 arc-second",0,"1:2.25","0",1034,"spatial knndm",0.847831767066051,0.901891252955083,284,0.497745155842068
"1arc-Iteration0-PA1:2.25DO:0-Seed1035","1 arc-second",0,"1:2.25","0",1035,"spatial knndm",0.84936930166531,0.884384384384384,284,0.496444190827129
"1arc-Iteration0-PA1:2.25DO:0-Seed1036","1 arc-second",0,"1:2.25","0",1036,"spatial knndm",0.858636200279507,0.91304347826087,284,0.450577715964871
"1arc-Iteration0-PA1:2.5DO:0-Seed1016","1 arc-second",0,"1:2.5","0",1016,"spatial knndm",0.813809667094854,0.870567375886525,284,0.501840242749621
"1arc-Iteration0-PA1:2.5DO:0-Seed1017","1 arc-second",0,"1:2.5","0",1017,"spatial knndm",0.795663210230853,0.843253968253968,284,0.488629433144032
"1arc-Iteration0-PA1:2.5DO:0-Seed1018","1 arc-second",0,"1:2.5","0",1018,"spatial knndm",0.789458664505921,0.859375,284,0.508669252726161
"1arc-Iteration0-PA1:2.75DO:0-Seed1037","1 arc-second",0,"1:2.75","0",1037,"spatial knndm",0.779972630947484,0.868686868686869,284,0.529335992567449
"1arc-Iteration0-PA1:2.75DO:0-Seed1038","1 arc-second",0,"1:2.75","0",1038,"spatial knndm",0.880633278434687,0.929769392033543,284,0.452652727587667
"1arc-Iteration0-PA1:2.75DO:0-Seed1039","1 arc-second",0,"1:2.75","0",1039,"spatial knndm",0.855103068084972,0.916111111111111,284,0.45860530041068
"1arc-Iteration0-PA1:2.75DO:0-Seed1040","1 arc-second",0,"1:2.75","0",1040,"spatial knndm",0.805463199319095,0.900862068965517,284,0.517406880299225
"1arc-Iteration0-PA1:2.75DO:0-Seed1041","1 arc-second",0,"1:2.75","0",1041,"spatial knndm",0.827779689482664,0.881944444444444,284,0.50525184829131
"1arc-Iteration0-PA1:2DO:0-Seed1004","1 arc-second",0,"1:2","0",1004,"spatial knndm",0.851133193762733,0.882352941176471,284,0.522515399165221
"1arc-Iteration0-PA1:2DO:0-Seed1005","1 arc-second",0,"1:2","0",1005,"spatial knndm",0.856578462882413,0.898148148148148,284,0.431012713944008
"1arc-Iteration0-PA1:2DO:0-Seed1006","1 arc-second",0,"1:2","0",1006,"spatial knndm",0.81796784207199,0.866228070175439,284,0.484656930968395
"1arc-Iteration0-PA1:3.25DO:0-Seed1042","1 arc-second",0,"1:3.25","0",1042,"spatial knndm",0.818524280372061,0.895480225988701,284,0.474900408613828
"1arc-Iteration0-PA1:3.25DO:0-Seed1043","1 arc-second",0,"1:3.25","0",1043,"spatial knndm",0.874923564143047,0.925793650793651,284,0.453262526061175
"1arc-Iteration0-PA1:3.25DO:0-Seed1044","1 arc-second",0,"1:3.25","0",1044,"spatial knndm",0.807169481524756,0.872222222222222,284,0.485034412340982
"1arc-Iteration0-PA1:3.25DO:0-Seed1045","1 arc-second",0,"1:3.25","0",1045,"spatial knndm",0.796597254093818,0.878600823045267,284,0.510581347136159
"1arc-Iteration0-PA1:3.25DO:0-Seed1046","1 arc-second",0,"1:3.25","0",1046,"spatial knndm",0.858686158762268,0.911892361111111,284,0.451527028430838
"1arc-Iteration0-PA1:3.5DO:0-Seed1019","1 arc-second",0,"1:3.5","0",1019,"spatial knndm",0.807304300007371,0.86712962962963,284,0.48907330179658
"1arc-Iteration0-PA1:3.5DO:0-Seed1020","1 arc-second",0,"1:3.5","0",1020,"spatial knndm",0.815076564256415,0.872311827956989,284,0.465813016370548
"1arc-Iteration0-PA1:3.5DO:0-Seed1021","1 arc-second",0,"1:3.5","0",1021,"spatial knndm",0.770401139743587,0.885758998435055,284,0.500292671463867
"1arc-Iteration0-PA1:3.75DO:0-Seed1047","1 arc-second",0,"1:3.75","0",1047,"spatial knndm",0.843919643231793,0.913139329805996,284,0.444047174395318
"1arc-Iteration0-PA1:3.75DO:0-Seed1048","1 arc-second",0,"1:3.75","0",1048,"spatial knndm",0.814384713426632,0.911111111111111,284,0.434462969960824
"1arc-Iteration0-PA1:3.75DO:0-Seed1049","1 arc-second",0,"1:3.75","0",1049,"spatial knndm",0.807276184307879,0.901368760064412,284,0.523915617671255
"1arc-Iteration0-PA1:3.75DO:0-Seed1050","1 arc-second",0,"1:3.75","0",1050,"spatial knndm",0.822318308410168,0.926328502415459,284,0.453386084661107
"1arc-Iteration0-PA1:3.75DO:0-Seed1051","1 arc-second",0,"1:3.75","0",1051,"spatial knndm",0.75777125075121,0.894660894660895,284,0.503415835753165
"1arc-Iteration0-PA1:3DO:0-Seed1007","1 arc-second",0,"1:3","0",1007,"spatial knndm",0.81105497782189,0.878684807256236,284,0.458496655357538
"1arc-Iteration0-PA1:3DO:0-Seed1008","1 arc-second",0,"1:3","0",1008,"spatial knndm",0.881838560061006,0.933531746031746,284,0.436328154416933
"1arc-Iteration0-PA1:3DO:0-Seed1009","1 arc-second",0,"1:3","0",1009,"spatial knndm",0.802509739712984,0.865656565656566,284,0.475781693520836
"1arc-Iteration0-PA1:4DO:0-Seed1010","1 arc-second",0,"1:4","0",1010,"spatial knndm",0.817462378935053,0.908888888888889,284,0.455821438151117
"1arc-Iteration0-PA1:4DO:0-Seed1011","1 arc-second",0,"1:4","0",1011,"spatial knndm",0.845146313491627,0.917792792792793,284,0.437686290350299
"1arc-Iteration0-PA1:4DO:0-Seed1012","1 arc-second",0,"1:4","0",1012,"spatial knndm",0.894200181563789,0.934343434343434,284,0.442999084610503
"1arc-Iteration1-PA1:1.25DO:0-Seed1022","1 arc-second",1,"1:1.25","0",1022,"spatial knndm",0.978840556849505,0.97242134607726,284,0.569457838228943
"1arc-Iteration1-PA1:1.25DO:0-Seed1023","1 arc-second",1,"1:1.25","0",1023,"spatial knndm",0.974411018660549,0.965725806451613,284,0.547968433420298
"1arc-Iteration1-PA1:1.25DO:0-Seed1024","1 arc-second",1,"1:1.25","0",1024,"spatial knndm",0.980295284817496,0.97155017921147,284,0.556037973961233
"1arc-Iteration1-PA1:1.25DO:0-Seed1025","1 arc-second",1,"1:1.25","0",1025,"spatial knndm",0.945533807716725,0.946933492632417,284,0.492690882960676
"1arc-Iteration1-PA1:1.25DO:0-Seed1026","1 arc-second",1,"1:1.25","0",1026,"spatial knndm",0.950112400910514,0.950268817204301,284,0.456103536526323
"1arc-Iteration1-PA1:1.5DO:0-Seed1013","1 arc-second",1,"1:1.5","0",1013,"spatial knndm",0.948781741610008,0.955449420607579,284,0.479390011844484
"1arc-Iteration1-PA1:1.5DO:0-Seed1014","1 arc-second",1,"1:1.5","0",1014,"spatial knndm",0.961531207242024,0.964646464646465,284,0.459849706718884
"1arc-Iteration1-PA1:1.5DO:0-Seed1015","1 arc-second",1,"1:1.5","0",1015,"spatial knndm",0.977855466828105,0.973575840768703,284,0.574150095418283
"1arc-Iteration1-PA1:1.75DO:0-Seed1027","1 arc-second",1,"1:1.75","0",1027,"spatial knndm",0.961976487139504,0.964500316255534,284,0.489933786394858
"1arc-Iteration1-PA1:1.75DO:0-Seed1028","1 arc-second",1,"1:1.75","0",1028,"spatial knndm",0.96022403059614,0.970605969249322,284,0.494934074978163
"1arc-Iteration1-PA1:1.75DO:0-Seed1029","1 arc-second",1,"1:1.75","0",1029,"spatial knndm",0.951297623504806,0.959118492494411,284,0.460854697770392
"1arc-Iteration1-PA1:1.75DO:0-Seed1030","1 arc-second",1,"1:1.75","0",1030,"spatial knndm",0.954035727969079,0.964232377538829,284,0.530188975567746
"1arc-Iteration1-PA1:1.75DO:0-Seed1031","1 arc-second",1,"1:1.75","0",1031,"spatial knndm",0.96996761726218,0.96758064516129,284,0.508130864563697
"1arc-Iteration1-PA1:1DO:0-Seed1001","1 arc-second",1,"1:1","0",1001,"spatial knndm",0.986076293343561,0.979243786356425,284,0.561776716562482
"1arc-Iteration1-PA1:1DO:0-Seed1002","1 arc-second",1,"1:1","0",1002,"spatial knndm",0.961228455155161,0.957258064516129,284,0.416369542242624
"1arc-Iteration1-PA1:1DO:0-Seed1003","1 arc-second",1,"1:1","0",1003,"spatial knndm",0.984405187719508,0.97887323943662,284,0.573722719139931
"1arc-Iteration1-PA1:1DO:0-Seed1052","1 arc-second",1,"1:1","0",1052,"spatial knndm",0.952678561034961,0.951478494623656,284,0.452120403825364
"1arc-Iteration1-PA1:1DO:0-Seed1053","1 arc-second",1,"1:1","0",1053,"spatial knndm",0.983771492516136,0.977543424317618,284,0.575614640717535
"1arc-Iteration1-PA1:1DO:0-Seed1054","1 arc-second",1,"1:1","0",1054,"spatial knndm",0.979900079261151,0.969108802624385,284,0.584234931858539
"1arc-Iteration1-PA1:1DO:0-Seed1055","1 arc-second",1,"1:1","0",1055,"spatial knndm",0.968754362578549,0.95837669094693,284,0.509271265176253
"1arc-Iteration1-PA1:1DO:0-Seed1056","1 arc-second",1,"1:1","0",1056,"spatial knndm",0.96787851371559,0.955645161290323,284,0.478287311735238
"1arc-Iteration1-PA1:1DO:0-Seed1057","1 arc-second",1,"1:1","0",1057,"spatial knndm",0.983936397269756,0.975806451612903,284,0.473514792205744
"1arc-Iteration1-PA1:1DO:0-Seed1058","1 arc-second",1,"1:1","0",1058,"spatial knndm",0.949611141011168,0.940772078265468,284,0.401555363072648
"1arc-Iteration1-PA1:1DO:0-Seed1059","1 arc-second",1,"1:1","0",1059,"spatial knndm",0.979376900946598,0.972662657189721,284,0.480911461163455
"1arc-Iteration1-PA1:1DO:0-Seed1060","1 arc-second",1,"1:1","0",1060,"spatial knndm",0.981512484416654,0.974313022700119,284,0.482277573512715
"1arc-Iteration1-PA1:1DO:0-Seed1061","1 arc-second",1,"1:1","0",1061,"spatial knndm",0.96377489799334,0.963399503722084,284,0.475173312116891
"1arc-Iteration1-PA1:2.25DO:0-Seed1032","1 arc-second",1,"1:2.25","0",1032,"spatial knndm",0.953996832409106,0.962615207373272,284,0.565892354494595
"1arc-Iteration1-PA1:2.25DO:0-Seed1033","1 arc-second",1,"1:2.25","0",1033,"spatial knndm",0.962760760913918,0.964924878479894,284,0.576761361279603
"1arc-Iteration1-PA1:2.25DO:0-Seed1034","1 arc-second",1,"1:2.25","0",1034,"spatial knndm",0.969675628260789,0.96701430996847,284,0.540607960454538
"1arc-Iteration1-PA1:2.25DO:0-Seed1035","1 arc-second",1,"1:2.25","0",1035,"spatial knndm",0.962867229479195,0.965696587190276,284,0.556777158233967
"1arc-Iteration1-PA1:2.25DO:0-Seed1036","1 arc-second",1,"1:2.25","0",1036,"spatial knndm",0.947238562311637,0.959796015180266,284,0.486622449332251
"1arc-Iteration1-PA1:2.5DO:0-Seed1016","1 arc-second",1,"1:2.5","0",1016,"spatial knndm",0.909681609412585,0.949698305871432,284,0.511671640042577
"1arc-Iteration1-PA1:2.5DO:0-Seed1017","1 arc-second",1,"1:2.5","0",1017,"spatial knndm",0.957166325794117,0.968517369727047,284,0.553291087099285
"1arc-Iteration1-PA1:2.5DO:0-Seed1018","1 arc-second",1,"1:2.5","0",1018,"spatial knndm",0.948124276866075,0.972017752760338,284,0.501445450575109
"1arc-Iteration1-PA1:2.75DO:0-Seed1037","1 arc-second",1,"1:2.75","0",1037,"spatial knndm",0.932808037651446,0.965120967741935,284,0.504682781003781
"1arc-Iteration1-PA1:2.75DO:0-Seed1038","1 arc-second",1,"1:2.75","0",1038,"spatial knndm",0.94682696035359,0.966816499206769,284,0.543786108052346
"1arc-Iteration1-PA1:2.75DO:0-Seed1039","1 arc-second",1,"1:2.75","0",1039,"spatial knndm",0.934415978235033,0.964346349745331,284,0.529491478729334
"1arc-Iteration1-PA1:2.75DO:0-Seed1040","1 arc-second",1,"1:2.75","0",1040,"spatial knndm",0.935329576202928,0.966444197256211,284,0.512966546602734
"1arc-Iteration1-PA1:2.75DO:0-Seed1041","1 arc-second",1,"1:2.75","0",1041,"spatial knndm",0.967028919106527,0.974682306940372,284,0.573956503243962
"1arc-Iteration1-PA1:2DO:0-Seed1004","1 arc-second",1,"1:2","0",1004,"spatial knndm",0.959054788471779,0.970669056152927,284,0.528594890182548
"1arc-Iteration1-PA1:2DO:0-Seed1005","1 arc-second",1,"1:2","0",1005,"spatial knndm",0.975522240007008,0.975676378772112,284,0.561812321320778
"1arc-Iteration1-PA1:2DO:0-Seed1006","1 arc-second",1,"1:2","0",1006,"spatial knndm",0.931366371189604,0.947259491864116,284,0.481536463489037
"1arc-Iteration1-PA1:3.25DO:0-Seed1042","1 arc-second",1,"1:3.25","0",1042,"spatial knndm",0.9073757456305,0.955074942978169,284,0.489868131703934
"1arc-Iteration1-PA1:3.25DO:0-Seed1043","1 arc-second",1,"1:3.25","0",1043,"spatial knndm",0.951791072425402,0.970157394421069,284,0.559429541809525
"1arc-Iteration1-PA1:3.25DO:0-Seed1044","1 arc-second",1,"1:3.25","0",1044,"spatial knndm",0.891338191693512,0.95542666454791,284,0.4964460798446
"1arc-Iteration1-PA1:3.25DO:0-Seed1045","1 arc-second",1,"1:3.25","0",1045,"spatial knndm",0.943839080211902,0.96972767061112,284,0.558219732827386
"1arc-Iteration1-PA1:3.25DO:0-Seed1046","1 arc-second",1,"1:3.25","0",1046,"spatial knndm",0.938824557597767,0.966855260935653,284,0.507960016163219
"1arc-Iteration1-PA1:3.5DO:0-Seed1019","1 arc-second",1,"1:3.5","0",1019,"spatial knndm",0.925775479223729,0.955085125448029,284,0.558529576923777
"1arc-Iteration1-PA1:3.5DO:0-Seed1020","1 arc-second",1,"1:3.5","0",1020,"spatial knndm",0.893456299390122,0.956264066016504,284,0.496550356199159
"1arc-Iteration1-PA1:3.5DO:0-Seed1021","1 arc-second",1,"1:3.5","0",1021,"spatial knndm",0.860513211579868,0.946436609152288,284,0.496765646534343
"1arc-Iteration1-PA1:3.75DO:0-Seed1047","1 arc-second",1,"1:3.75","0",1047,"spatial knndm",0.887823535883882,0.958292953066593,284,0.500872454422549
"1arc-Iteration1-PA1:3.75DO:0-Seed1048","1 arc-second",1,"1:3.75","0",1048,"spatial knndm",0.926704812761016,0.961809009521103,284,0.550108601677455
"1arc-Iteration1-PA1:3.75DO:0-Seed1049","1 arc-second",1,"1:3.75","0",1049,"spatial knndm",0.889418178826706,0.961240585476766,284,0.521669055936442
"1arc-Iteration1-PA1:3.75DO:0-Seed1050","1 arc-second",1,"1:3.75","0",1050,"spatial knndm",0.881752182330936,0.952384291725105,284,0.515526193080719
"1arc-Iteration1-PA1:3.75DO:0-Seed1051","1 arc-second",1,"1:3.75","0",1051,"spatial knndm",0.932090190353926,0.965518385769282,284,0.559114584931872
"1arc-Iteration1-PA1:3DO:0-Seed1007","1 arc-second",1,"1:3","0",1007,"spatial knndm",0.96835816400747,0.976655348047538,284,0.56555812864295
"1arc-Iteration1-PA1:3DO:0-Seed1008","1 arc-second",1,"1:3","0",1008,"spatial knndm",0.92504734759278,0.960611205432937,284,0.476658337100152
"1arc-Iteration1-PA1:3DO:0-Seed1009","1 arc-second",1,"1:3","0",1009,"spatial knndm",0.909000127446584,0.960372636262514,284,0.502115702487588
"1arc-Iteration1-PA1:4DO:0-Seed1010","1 arc-second",1,"1:4","0",1010,"spatial knndm",0.943765783945438,0.972794806585464,284,0.558281502644687
"1arc-Iteration1-PA1:4DO:0-Seed1011","1 arc-second",1,"1:4","0",1011,"spatial knndm",0.905745046172395,0.957462982548916,284,0.461692624920363
"1arc-Iteration1-PA1:4DO:0-Seed1012","1 arc-second",1,"1:4","0",1012,"spatial knndm",0.894985843402937,0.957466181061394,284,0.492347659394628
"3arc-Iteration0-PA1:1.25DO:0-Seed1022","3 arc-second",0,"1:1.25","0",1022,"spatial knndm",0.960414746543779,0.929166666666667,284,0.373450864854016
"3arc-Iteration0-PA1:1.25DO:0-Seed1023","3 arc-second",0,"1:1.25","0",1023,"spatial knndm",0.953377316809811,0.953968253968254,284,0.415520051713675
"3arc-Iteration0-PA1:1.25DO:0-Seed1024","3 arc-second",0,"1:1.25","0",1024,"spatial knndm",0.945036992734361,0.914814814814815,284,0.349189579766821
"3arc-Iteration0-PA1:1.25DO:0-Seed1025","3 arc-second",0,"1:1.25","0",1025,"spatial knndm",0.97445652173913,0.9625,284,0.376491521324223
"3arc-Iteration0-PA1:1.25DO:0-Seed1026","3 arc-second",0,"1:1.25","0",1026,"spatial knndm",0.976429738562091,0.969230769230769,284,0.35920599825331
"3arc-Iteration0-PA1:1.5DO:0-Seed1013","3 arc-second",0,"1:1.5","0",1013,"spatial knndm",0.955700369891546,0.953333333333333,284,0.346311809703923
"3arc-Iteration0-PA1:1.5DO:0-Seed1014","3 arc-second",0,"1:1.5","0",1014,"spatial knndm",0.982894736842105,0.976190476190476,284,0.400358154846858
"3arc-Iteration0-PA1:1.5DO:0-Seed1015","3 arc-second",0,"1:1.5","0",1015,"spatial knndm",0.960555555555556,0.95,284,0.403562703781325
"3arc-Iteration0-PA1:1.75DO:0-Seed1027","3 arc-second",0,"1:1.75","0",1027,"spatial knndm",0.961205420396597,0.971794871794872,284,0.451398540988429
"3arc-Iteration0-PA1:1.75DO:0-Seed1028","3 arc-second",0,"1:1.75","0",1028,"spatial knndm",0.965017921146953,0.953623188405797,284,0.381485317763524
"3arc-Iteration0-PA1:1.75DO:0-Seed1029","3 arc-second",0,"1:1.75","0",1029,"spatial knndm",0.961488779419814,0.963218390804598,284,0.380844003795959
"3arc-Iteration0-PA1:1.75DO:0-Seed1030","3 arc-second",0,"1:1.75","0",1030,"spatial knndm",0.959408922171019,0.947826086956522,284,0.373595730949291
"3arc-Iteration0-PA1:1.75DO:0-Seed1031","3 arc-second",0,"1:1.75","0",1031,"spatial knndm",0.971230769230769,0.969444444444444,284,0.404108498008997
"3arc-Iteration0-PA1:1DO:0-Seed1001","3 arc-second",0,"1:1","0",1001,"spatial knndm",0.973442695791767,0.972549019607843,284,0.407598191612463
"3arc-Iteration0-PA1:1DO:0-Seed1002","3 arc-second",0,"1:1","0",1002,"spatial knndm",0.995694444444444,0.994444444444444,284,0.397841673627497
"3arc-Iteration0-PA1:1DO:0-Seed1003","3 arc-second",0,"1:1","0",1003,"spatial knndm",0.960645424836601,0.954385964912281,284,0.432818546423328
"3arc-Iteration0-PA1:1DO:0-Seed1052","3 arc-second",0,"1:1","0",1052,"spatial knndm",0.99109126984127,0.990476190476191,284,0.381836632655811
"3arc-Iteration0-PA1:1DO:0-Seed1053","3 arc-second",0,"1:1","0",1053,"spatial knndm",0.957756512493355,0.933333333333333,284,0.412174635636604
"3arc-Iteration0-PA1:1DO:0-Seed1054","3 arc-second",0,"1:1","0",1054,"spatial knndm",0.99109126984127,0.991111111111111,284,0.415690007535153
"3arc-Iteration0-PA1:1DO:0-Seed1055","3 arc-second",0,"1:1","0",1055,"spatial knndm",0.978291562238931,0.966666666666667,284,0.396717942929137
"3arc-Iteration0-PA1:1DO:0-Seed1056","3 arc-second",0,"1:1","0",1056,"spatial knndm",0.971230769230769,0.938888888888889,284,0.372920237677579
"3arc-Iteration0-PA1:1DO:0-Seed1057","3 arc-second",0,"1:1","0",1057,"spatial knndm",0.986146214896215,0.984615384615385,284,0.433261822631813
"3arc-Iteration0-PA1:1DO:0-Seed1058","3 arc-second",0,"1:1","0",1058,"spatial knndm",0.96980056980057,0.955555555555556,284,0.432924889512391
"3arc-Iteration0-PA1:1DO:0-Seed1059","3 arc-second",0,"1:1","0",1059,"spatial knndm",0.987308590102708,0.981818181818182,284,0.380029949694906
"3arc-Iteration0-PA1:1DO:0-Seed1060","3 arc-second",0,"1:1","0",1060,"spatial knndm",0.953223882145451,0.946031746031746,284,0.395910623613735
"3arc-Iteration0-PA1:1DO:0-Seed1061","3 arc-second",0,"1:1","0",1061,"spatial knndm",0.978291562238931,0.969230769230769,284,0.366617448468038
"3arc-Iteration0-PA1:2.25DO:0-Seed1032","3 arc-second",0,"1:2.25","0",1032,"spatial knndm",0.925191308691309,0.94949494949495,284,0.455302028623961
"3arc-Iteration0-PA1:2.25DO:0-Seed1033","3 arc-second",0,"1:2.25","0",1033,"spatial knndm",0.975648148148148,0.989166666666667,284,0.408138452785741
"3arc-Iteration0-PA1:2.25DO:0-Seed1034","3 arc-second",0,"1:2.25","0",1034,"spatial knndm",0.956543724474759,0.967619047619048,284,0.377690137533805
"3arc-Iteration0-PA1:2.25DO:0-Seed1035","3 arc-second",0,"1:2.25","0",1035,"spatial knndm",0.963871252204586,0.96989247311828,284,0.440288261691746
"3arc-Iteration0-PA1:2.25DO:0-Seed1036","3 arc-second",0,"1:2.25","0",1036,"spatial knndm",0.987308590102708,0.993548387096774,284,0.382967820816585
"3arc-Iteration0-PA1:2.5DO:0-Seed1016","3 arc-second",0,"1:2.5","0",1016,"spatial knndm",0.947794382528425,0.946341463414634,284,0.385762655640629
"3arc-Iteration0-PA1:2.5DO:0-Seed1017","3 arc-second",0,"1:2.5","0",1017,"spatial knndm",0.958465007215007,0.963809523809524,284,0.42343167065284
"3arc-Iteration0-PA1:2.5DO:0-Seed1018","3 arc-second",0,"1:2.5","0",1018,"spatial knndm",0.946093993152817,0.956756756756757,284,0.450977591291101
"3arc-Iteration0-PA1:2.75DO:0-Seed1037","3 arc-second",0,"1:2.75","0",1037,"spatial knndm",0.960651331239567,0.979279279279279,284,0.42735407141313
"3arc-Iteration0-PA1:2.75DO:0-Seed1038","3 arc-second",0,"1:2.75","0",1038,"spatial knndm",0.957195121951219,0.957723577235772,284,0.366262649436584
"3arc-Iteration0-PA1:2.75DO:0-Seed1039","3 arc-second",0,"1:2.75","0",1039,"spatial knndm",0.94199234949235,0.960606060606061,284,0.457594675026636
"3arc-Iteration0-PA1:2.75DO:0-Seed1040","3 arc-second",0,"1:2.75","0",1040,"spatial knndm",0.951399482870071,0.966666666666667,284,0.412085828738333
"3arc-Iteration0-PA1:2.75DO:0-Seed1041","3 arc-second",0,"1:2.75","0",1041,"spatial knndm",0.959098416289593,0.976666666666667,284,0.388246189270716
"3arc-Iteration0-PA1:2DO:0-Seed1004","3 arc-second",0,"1:2","0",1004,"spatial knndm",0.955952380952381,0.941333333333333,284,0.404978925954995
"3arc-Iteration0-PA1:2DO:0-Seed1005","3 arc-second",0,"1:2","0",1005,"spatial knndm",0.946093993152817,0.948387096774194,284,0.412870585923499
"3arc-Iteration0-PA1:2DO:0-Seed1006","3 arc-second",0,"1:2","0",1006,"spatial knndm",0.966091954022989,0.961538461538462,284,0.388196698577477
"3arc-Iteration0-PA1:3.25DO:0-Seed1042","3 arc-second",0,"1:3.25","0",1042,"spatial knndm",0.897819522444869,0.921276595744681,284,0.349871720417985
"3arc-Iteration0-PA1:3.25DO:0-Seed1043","3 arc-second",0,"1:3.25","0",1043,"spatial knndm",0.939891429616353,0.941358024691358,284,0.44245185558135
"3arc-Iteration0-PA1:3.25DO:0-Seed1044","3 arc-second",0,"1:3.25","0",1044,"spatial knndm",0.96980056980057,0.977777777777778,284,0.396807330607384
"3arc-Iteration0-PA1:3.25DO:0-Seed1045","3 arc-second",0,"1:3.25","0",1045,"spatial knndm",0.921002938769697,0.941269841269841,284,0.36095857958034
"3arc-Iteration0-PA1:3.25DO:0-Seed1046","3 arc-second",0,"1:3.25","0",1046,"spatial knndm",0.937908232118758,0.961538461538462,284,0.454882906523205
"3arc-Iteration0-PA1:3.5DO:0-Seed1019","3 arc-second",0,"1:3.5","0",1019,"spatial knndm",0.933710465488023,0.947878787878788,284,0.436482757707795
"3arc-Iteration0-PA1:3.5DO:0-Seed1020","3 arc-second",0,"1:3.5","0",1020,"spatial knndm",0.953569518716578,0.973584905660377,284,0.387541793712518
"3arc-Iteration0-PA1:3.5DO:0-Seed1021","3 arc-second",0,"1:3.5","0",1021,"spatial knndm",0.931546054964479,0.941496598639456,284,0.38930649070128
"3arc-Iteration0-PA1:3.75DO:0-Seed1047","3 arc-second",0,"1:3.75","0",1047,"spatial knndm",0.956343354131216,0.967261904761905,284,0.423039519541787
"3arc-Iteration0-PA1:3.75DO:0-Seed1048","3 arc-second",0,"1:3.75","0",1048,"spatial knndm",0.944753251875463,0.976608187134503,284,0.378158521285797
"3arc-Iteration0-PA1:3.75DO:0-Seed1049","3 arc-second",0,"1:3.75","0",1049,"spatial knndm",0.970518518518519,0.98525641025641,284,0.35382056031817
"3arc-Iteration0-PA1:3.75DO:0-Seed1050","3 arc-second",0,"1:3.75","0",1050,"spatial knndm",0.934030004603775,0.946560846560847,284,0.381420322547918
"3arc-Iteration0-PA1:3.75DO:0-Seed1051","3 arc-second",0,"1:3.75","0",1051,"spatial knndm",0.927327672327672,0.960416666666667,284,0.388777615437842
"3arc-Iteration0-PA1:3DO:0-Seed1007","3 arc-second",0,"1:3","0",1007,"spatial knndm",0.94699938949939,0.960975609756098,284,0.455946977728652
"3arc-Iteration0-PA1:3DO:0-Seed1008","3 arc-second",0,"1:3","0",1008,"spatial knndm",0.943859477124183,0.947222222222222,284,0.412619675437682
"3arc-Iteration0-PA1:3DO:0-Seed1009","3 arc-second",0,"1:3","0",1009,"spatial knndm",0.960251639199008,0.978947368421053,284,0.398124332601897
"3arc-Iteration0-PA1:4DO:0-Seed1010","3 arc-second",0,"1:4","0",1010,"spatial knndm",0.973442695791767,0.992708333333333,284,0.371229291363939
"3arc-Iteration0-PA1:4DO:0-Seed1011","3 arc-second",0,"1:4","0",1011,"spatial knndm",0.89901501861272,0.92974358974359,284,0.455727534196739
"3arc-Iteration0-PA1:4DO:0-Seed1012","3 arc-second",0,"1:4","0",1012,"spatial knndm",0.956406810035842,0.976923076923077,284,0.43631158902655
"3arc-Iteration1-PA1:1DO:0-Seed1001","3 arc-second",1,"1:1","0",1001,"spatial knndm",0.753570552995189,0.882648953301127,284,0.510374564642662
"3arc-Iteration1-PA1:1DO:0-Seed1002","3 arc-second",1,"1:1","0",1002,"spatial knndm",0.80310370687563,0.897401908801697,284,0.504905955521977
"3arc-Iteration1-PA1:1DO:0-Seed1003","3 arc-second",1,"1:1","0",1003,"spatial knndm",0.730701563484188,0.848320158102767,284,0.509004906404996
"3arc-Iteration1-PA1:1DO:0-Seed1006","3 arc-second",1,"1:1","0",1006,"spatial knndm",0.920241524627664,0.931358024691358,284,0.488477552364271
"3arc-Iteration1-PA1:1DO:0-Seed1007","3 arc-second",1,"1:1","0",1007,"spatial knndm",0.917086144797294,0.944691358024691,284,0.531752212798056
"3arc-Iteration1-PA1:1DO:0-Seed1008","3 arc-second",1,"1:1","0",1008,"spatial knndm",0.877976723518251,0.931358024691358,284,0.545383456711372
"3arc-Iteration1-PA1:1DO:0-Seed1009","3 arc-second",1,"1:1","0",1009,"spatial knndm",0.933588173540343,0.926666666666667,284,0.501651821377997
"3arc-Iteration1-PA1:1DO:0-Seed1010","3 arc-second",1,"1:1","0",1010,"spatial knndm",0.9434475162233,0.95358024691358,284,0.522064669571507
"3arc-Iteration1-PA1:1DO:0-Seed1011","3 arc-second",1,"1:1","0",1011,"spatial knndm",0.964748612550506,0.964444444444444,284,0.555335232372008
"3arc-Iteration1-PA1:1DO:0-Seed1012","3 arc-second",1,"1:1","0",1012,"spatial knndm",0.95887215090438,0.964938271604938,284,0.558157716779758
"3arc-Iteration1-PA1:1DO:0-Seed1013","3 arc-second",1,"1:1","0",1013,"spatial knndm",0.909687864051703,0.915555555555556,284,0.493098800946455
"3arc-Iteration1-PA1:1DO:0-Seed1014","3 arc-second",1,"1:1","0",1014,"spatial knndm",0.939434139676161,0.95283950617284,284,0.540696807791791
"3arc-Iteration1-PA1:1DO:0-Seed1015","3 arc-second",1,"1:1","0",1015,"spatial knndm",0.941190690761322,0.94962962962963,284,0.508964620161763
"3arc-Iteration1-PA1:1DO:0-Seed1016","3 arc-second",1,"1:1","0",1016,"spatial knndm",0.745612287127127,0.857707509881423,284,0.508233557266294
"3arc-Iteration1-PA1:1DO:0-Seed1017","3 arc-second",1,"1:1","0",1017,"spatial knndm",0.796765103921992,0.905057675244011,284,0.504138429717592
"3arc-Iteration1-PA1:1DO:0-Seed1018","3 arc-second",1,"1:1","0",1018,"spatial knndm",0.81385304778512,0.890259197324415,284,0.460520401997658
"3arc-Iteration1-PA1:1DO:0-Seed1019","3 arc-second",1,"1:1","0",1019,"spatial knndm",0.883884817021312,0.928651059085842,284,0.50508131434848
"3arc-Iteration1-PA1:1DO:0-Seed1020","3 arc-second",1,"1:1","0",1020,"spatial knndm",0.763241839946494,0.886382280557834,284,0.417710593227216
"3arc-Iteration1-PA1:1DO:0-Seed1021","3 arc-second",1,"1:1","0",1021,"spatial knndm",0.725121352497534,0.820525783619818,284,0.449478586649837
"3arc-Iteration1-PA1:1DO:0-Seed1022","3 arc-second",1,"1:1","0",1022,"spatial knndm",0.805263749975841,0.900222965440357,284,0.479810325720516
"3arc-Iteration1-PA1:1DO:0-Seed1023","3 arc-second",1,"1:1","0",1023,"spatial knndm",0.820346716554618,0.91304347826087,284,0.425642253639907
"3arc-Iteration1-PA1:1DO:0-Seed1024","3 arc-second",1,"1:1","0",1024,"spatial knndm",0.898079652842175,0.945366132723112,284,0.542133033121479
"3arc-Iteration1-PA1:1DO:0-Seed1025","3 arc-second",1,"1:1","0",1025,"spatial knndm",0.737815171628808,0.876877470355731,284,0.517561970123062
"3arc-Iteration1-PA1:2DO:0-Seed1002","3 arc-second",1,"1:2","0",1002,"spatial knndm",0.824606532462177,0.937484737484737,284,0.541945038722587
"3arc-Iteration1-PA1:2DO:0-Seed1004","3 arc-second",1,"1:2","0",1004,"spatial knndm",0.729576692321343,0.902867715078631,284,0.494017615497646
"3arc-Iteration1-PA1:2DO:0-Seed1005","3 arc-second",1,"1:2","0",1005,"spatial knndm",0.674118862975485,0.884807596201899,284,0.521915332914836
"3arc-Iteration1-PA1:2DO:0-Seed1006","3 arc-second",1,"1:2","0",1006,"spatial knndm",0.610033871252578,0.852717391304348,284,0.503541272778497
"3arc-Iteration1-PA1:3DO:0-Seed1003","3 arc-second",1,"1:3","0",1003,"spatial knndm",0.857882135479782,0.959529602595296,284,0.537347076789505
"3arc-Iteration1-PA1:3DO:0-Seed1007","3 arc-second",1,"1:3","0",1007,"spatial knndm",0.567717857026106,0.879114906832298,284,0.542580742239445
"3arc-Iteration1-PA1:3DO:0-Seed1008","3 arc-second",1,"1:3","0",1008,"spatial knndm",0.565034073581793,0.875954198473282,284,0.488598412186785
"3arc-Iteration1-PA1:3DO:0-Seed1009","3 arc-second",1,"1:3","0",1009,"spatial knndm",0.691024583208526,0.915931894192764,284,0.518037238360192
"3arc-Iteration1-PA1:4DO:0-Seed1004","3 arc-second",1,"1:4","0",1004,"spatial knndm",0.789922604486774,0.943108682452945,284,0.563014575745831
"3arc-Iteration1-PA1:4DO:0-Seed1010","3 arc-second",1,"1:4","0",1010,"spatial knndm",0.606054655436019,0.905959941377626,284,0.532444603304612
"3arc-Iteration1-PA1:4DO:0-Seed1011","3 arc-second",1,"1:4","0",1011,"spatial knndm",0.545940575572593,0.893685881778212,284,0.494949693180333
"3arc-Iteration1-PA1:4DO:0-Seed1012","3 arc-second",1,"1:4","0",1012,"spatial knndm",0.531654420314885,0.885593220338983,284,0.532312111081775
"3arc-Iteration1-PA1:5DO:0-Seed1005","3 arc-second",1,"1:5","0",1005,"spatial knndm",0.614004516432541,0.919200779727095,284,0.575027265133881
"3arc-Iteration1-PA1:5DO:0-Seed1013","3 arc-second",1,"1:5","0",1013,"spatial knndm",0.496623048811249,0.889704498400151,284,0.507804207676792
"3arc-Iteration1-PA1:5DO:0-Seed1014","3 arc-second",1,"1:5","0",1014,"spatial knndm",0.494393283138717,0.895265700483092,284,0.499698773831809
"3arc-Iteration1-PA1:5DO:0-Seed1015","3 arc-second",1,"1:5","0",1015,"spatial knndm",0.474689700011437,0.886037157632637,284,0.519598611899332
"1-3arc-Iteration0-PA1:1.25DO:0-Seed1022","1/3 arc-second",0,"1:1.25","0",1022,"classic",0.966174646155849,0.952861952861953,284,0.527840968671815
"1-3arc-Iteration0-PA1:1.25DO:0-Seed1023","1/3 arc-second",0,"1:1.25","0",1023,"classic",0.938392551412032,0.920875420875421,284,0.424923018235541
"1-3arc-Iteration0-PA1:1.25DO:0-Seed1024","1/3 arc-second",0,"1:1.25","0",1024,"classic",0.970397302870506,0.971380471380471,284,0.457957544196967
"1-3arc-Iteration0-PA1:1.25DO:0-Seed1025","1/3 arc-second",0,"1:1.25","0",1025,"classic",0.986079545454545,0.984006734006734,284,0.388344633149815
"1-3arc-Iteration0-PA1:1.25DO:0-Seed1026","1/3 arc-second",0,"1:1.25","0",1026,"classic",0.990097894529713,0.991582491582492,284,0.43357699303074
"1-3arc-Iteration0-PA1:1.5DO:0-Seed1013","1/3 arc-second",0,"1:1.5","0",1013,"classic",0.975558092980229,0.977982954545455,284,0.409378781553537
"1-3arc-Iteration0-PA1:1.5DO:0-Seed1014","1/3 arc-second",0,"1:1.5","0",1014,"classic",0.99797879985627,0.99862258953168,284,0.426589733489418
"1-3arc-Iteration0-PA1:1.5DO:0-Seed1015","1/3 arc-second",0,"1:1.5","0",1015,"classic",1,1,284,0.422228730495166
"1-3arc-Iteration0-PA1:1.5DO:0-Seed1052","1/3 arc-second",0,"1:1.5","0",1052,"classic",0.944371679371679,0.932506887052342,284,0.444405122032999
"1-3arc-Iteration0-PA1:1.5DO:0-Seed1053","1/3 arc-second",0,"1:1.5","0",1053,"classic",0.990079365079365,0.991735537190083,284,0.514362968465436
"1-3arc-Iteration0-PA1:1.5DO:0-Seed1054","1/3 arc-second",0,"1:1.5","0",1054,"classic",0.965724303693671,0.966942148760331,284,0.520968685522263
"1-3arc-Iteration0-PA1:1.5DO:0-Seed1055","1/3 arc-second",0,"1:1.5","0",1055,"classic",1,1,284,0.407942178121401
"1-3arc-Iteration0-PA1:1.5DO:0-Seed1056","1/3 arc-second",0,"1:1.5","0",1056,"classic",0.987669801462905,0.988980716253444,284,0.399495617431112
"1-3arc-Iteration0-PA1:1.5DO:0-Seed1057","1/3 arc-second",0,"1:1.5","0",1057,"classic",1,1,284,0.475580180357556
"1-3arc-Iteration0-PA1:1.5DO:0-Seed1058","1/3 arc-second",0,"1:1.5","0",1058,"classic",0.980436507936508,0.984848484848485,284,0.489712102653272
"1-3arc-Iteration0-PA1:1.5DO:0-Seed1059","1/3 arc-second",0,"1:1.5","0",1059,"classic",1,1,284,0.440545142563292
"1-3arc-Iteration0-PA1:1.5DO:0-Seed1060","1/3 arc-second",0,"1:1.5","0",1060,"classic",0.992867132867133,0.994490358126722,284,0.442406264576861
"1-3arc-Iteration0-PA1:1.5DO:0-Seed1061","1/3 arc-second",0,"1:1.5","0",1061,"classic",0.951758940029348,0.945592286501377,284,0.456247457348785
"1-3arc-Iteration0-PA1:1.75DO:0-Seed1027","1/3 arc-second",0,"1:1.75","0",1027,"classic",0.957147445755162,0.953349282296651,284,0.513817306135556
"1-3arc-Iteration0-PA1:1.75DO:0-Seed1028","1/3 arc-second",0,"1:1.75","0",1028,"classic",0.976741867201426,0.981459330143541,284,0.459355123793724
"1-3arc-Iteration0-PA1:1.75DO:0-Seed1029","1/3 arc-second",0,"1:1.75","0",1029,"classic",1,1,284,0.479516005406571
"1-3arc-Iteration0-PA1:1.75DO:0-Seed1030","1/3 arc-second",0,"1:1.75","0",1030,"classic",0.97810397205134,0.985645933014354,284,0.42601585310976
"1-3arc-Iteration0-PA1:1.75DO:0-Seed1031","1/3 arc-second",0,"1:1.75","0",1031,"classic",0.987061796898753,0.991626794258373,284,0.420063054118668
"1-3arc-Iteration0-PA1:1DO:0-Seed1001","1/3 arc-second",0,"1:1","0",1001,"classic",0.961874865908441,0.952479338842975,284,0.422344068447255
"1-3arc-Iteration0-PA1:1DO:0-Seed1002","1/3 arc-second",0,"1:1","0",1002,"classic",0.984843182180139,0.983471074380165,284,0.470634478514265
"1-3arc-Iteration0-PA1:1DO:0-Seed1003","1/3 arc-second",0,"1:1","0",1003,"classic",0.985421201245107,0.981601731601732,284,0.476048428737808
"1-3arc-Iteration0-PA1:2.25DO:0-Seed1032","1/3 arc-second",0,"1:2.25","0",1032,"classic",0.943997584916009,0.953153988868275,284,0.541064868330824
"1-3arc-Iteration0-PA1:2.25DO:0-Seed1033","1/3 arc-second",0,"1:2.25","0",1033,"classic",0.942728269800462,0.961966604823748,284,0.502428702442708
"1-3arc-Iteration0-PA1:2.25DO:0-Seed1034","1/3 arc-second",0,"1:2.25","0",1034,"classic",1,1,284,0.457894245620812
"1-3arc-Iteration0-PA1:2.25DO:0-Seed1035","1/3 arc-second",0,"1:2.25","0",1035,"classic",0.973892301392301,0.982374768089054,284,0.429069840564982
"1-3arc-Iteration0-PA1:2.25DO:0-Seed1036","1/3 arc-second",0,"1:2.25","0",1036,"classic",0.975869736324282,0.98469387755102,284,0.440173994278196
"1-3arc-Iteration0-PA1:2.5DO:0-Seed1016","1/3 arc-second",0,"1:2.5","0",1016,"classic",0.97479727621318,0.984297520661157,284,0.499221077013607
"1-3arc-Iteration0-PA1:2.5DO:0-Seed1017","1/3 arc-second",0,"1:2.5","0",1017,"classic",0.969842673461519,0.982644628099174,284,0.449601495292985
"1-3arc-Iteration0-PA1:2.5DO:0-Seed1018","1/3 arc-second",0,"1:2.5","0",1018,"classic",0.953563376635897,0.96969696969697,284,0.435972386451441
"1-3arc-Iteration0-PA1:2.75DO:0-Seed1037","1/3 arc-second",0,"1:2.75","0",1037,"classic",0.946666046444317,0.960606060606061,284,0.446662203142812
"1-3arc-Iteration0-PA1:2.75DO:0-Seed1038","1/3 arc-second",0,"1:2.75","0",1038,"classic",0.964528280066558,0.978030303030303,284,0.453304651255752
"1-3arc-Iteration0-PA1:2.75DO:0-Seed1039","1/3 arc-second",0,"1:2.75","0",1039,"classic",0.98658357771261,0.993181818181818,284,0.435092630488344
"1-3arc-Iteration0-PA1:2.75DO:0-Seed1040","1/3 arc-second",0,"1:2.75","0",1040,"classic",0.978382034632035,0.985227272727273,284,0.531793251145594
"1-3arc-Iteration0-PA1:2.75DO:0-Seed1041","1/3 arc-second",0,"1:2.75","0",1041,"classic",0.93399882399738,0.964393939393939,284,0.45858053464132
"1-3arc-Iteration0-PA1:2DO:0-Seed1004","1/3 arc-second",0,"1:2","0",1004,"classic",0.99612977602108,0.997933884297521,284,0.424797675644699
"1-3arc-Iteration0-PA1:2DO:0-Seed1005","1/3 arc-second",0,"1:2","0",1005,"classic",0.967921113973746,0.973140495867769,284,0.518655382467162
"1-3arc-Iteration0-PA1:2DO:0-Seed1006","1/3 arc-second",0,"1:2","0",1006,"classic",0.994431818181818,0.996828752642706,284,0.420093346089717
"1-3arc-Iteration0-PA1:3.25DO:0-Seed1042","1/3 arc-second",0,"1:3.25","0",1042,"classic",0.979413085917272,0.991997439180538,284,0.433370556707675
"1-3arc-Iteration0-PA1:3.25DO:0-Seed1043","1/3 arc-second",0,"1:3.25","0",1043,"classic",1,1,284,0.413306300490387
"1-3arc-Iteration0-PA1:3.25DO:0-Seed1044","1/3 arc-second",0,"1:3.25","0",1044,"classic",0.985606060606061,0.99359795134443,284,0.434054914709831
"1-3arc-Iteration0-PA1:3.25DO:0-Seed1045","1/3 arc-second",0,"1:3.25","0",1045,"classic",0.951039077892447,0.970870678617157,284,0.526370593972289
"1-3arc-Iteration0-PA1:3.25DO:0-Seed1046","1/3 arc-second",0,"1:3.25","0",1046,"classic",0.923813732061333,0.932778489116517,284,0.450536582695308
"1-3arc-Iteration0-PA1:3.5DO:0-Seed1019","1/3 arc-second",0,"1:3.5","0",1019,"classic",0.986716979467763,0.995215311004785,284,0.446293371831209
"1-3arc-Iteration0-PA1:3.5DO:0-Seed1020","1/3 arc-second",0,"1:3.5","0",1020,"classic",0.954008029008029,0.981109799291617,284,0.443829881949459
"1-3arc-Iteration0-PA1:3.5DO:0-Seed1021","1/3 arc-second",0,"1:3.5","0",1021,"classic",0.974875762977367,0.989964580873672,284,0.45783650175639
"1-3arc-Iteration0-PA1:3.75DO:0-Seed1047","1/3 arc-second",0,"1:3.75","0",1047,"classic",0.975421688952344,0.98780487804878,284,0.447865170071118
"1-3arc-Iteration0-PA1:3.75DO:0-Seed1048","1/3 arc-second",0,"1:3.75","0",1048,"classic",0.932540649363169,0.971175166297118,284,0.459795807744464
"1-3arc-Iteration0-PA1:3.75DO:0-Seed1049","1/3 arc-second",0,"1:3.75","0",1049,"classic",0.992316509248327,0.997782705099778,284,0.440596583291005
"1-3arc-Iteration0-PA1:3.75DO:0-Seed1050","1/3 arc-second",0,"1:3.75","0",1050,"classic",0.987856757866639,0.996674057649667,284,0.450612279714108
"1-3arc-Iteration0-PA1:3.75DO:0-Seed1051","1/3 arc-second",0,"1:3.75","0",1051,"classic",0.964056019737838,0.963137472283814,284,0.525244135150521
"1-3arc-Iteration0-PA1:3DO:0-Seed1007","1/3 arc-second",0,"1:3","0",1007,"classic",0.972078506118175,0.988292011019284,284,0.475398619497219
"1-3arc-Iteration0-PA1:3DO:0-Seed1008","1/3 arc-second",0,"1:3","0",1008,"classic",0.966408678777494,0.985881542699725,284,0.445478139046391
"1-3arc-Iteration0-PA1:3DO:0-Seed1009","1/3 arc-second",0,"1:3","0",1009,"classic",0.965695476306682,0.982093663911846,284,0.466518911160287
"1-3arc-Iteration0-PA1:4DO:0-Seed1010","1/3 arc-second",0,"1:4","0",1010,"classic",0.99797879985627,0.99948347107438,284,0.4369148058834
"1-3arc-Iteration0-PA1:4DO:0-Seed1011","1/3 arc-second",0,"1:4","0",1011,"classic",0.945219732382201,0.968129571577847,284,0.431567025859783
"1-3arc-Iteration0-PA1:4DO:0-Seed1012","1/3 arc-second",0,"1:4","0",1012,"classic",0.954867327596294,0.981921487603306,284,0.514354997933644
"1-3arc-Iteration1-PA1:1.25DO:0-Seed1022","1/3 arc-second",1,"1:1.25","0",1022,"classic",0.900641478730027,0.941720779220779,284,0.637165809515052
"1-3arc-Iteration1-PA1:1.25DO:0-Seed1023","1/3 arc-second",1,"1:1.25","0",1023,"classic",0.896271778557877,0.92224025974026,284,0.630356833918452
"1-3arc-Iteration1-PA1:1.25DO:0-Seed1024","1/3 arc-second",1,"1:1.25","0",1024,"classic",0.916625032708617,0.93538961038961,284,0.62039300811596
"1-3arc-Iteration1-PA1:1.25DO:0-Seed1025","1/3 arc-second",1,"1:1.25","0",1025,"classic",0.897532434933705,0.932061688311688,284,0.617963915052935
"1-3arc-Iteration1-PA1:1.25DO:0-Seed1026","1/3 arc-second",1,"1:1.25","0",1026,"classic",0.882735393403833,0.947321428571429,284,0.599534249087742
"1-3arc-Iteration1-PA1:1.5DO:0-Seed1013","1/3 arc-second",1,"1:1.5","0",1013,"classic",0.910363853976712,0.945986394557823,284,0.625503441399583
"1-3arc-Iteration1-PA1:1.5DO:0-Seed1014","1/3 arc-second",1,"1:1.5","0",1014,"classic",0.898376739051422,0.930053908355795,284,0.557779175338793
"1-3arc-Iteration1-PA1:1.5DO:0-Seed1015","1/3 arc-second",1,"1:1.5","0",1015,"classic",0.888661855213836,0.937196765498652,284,0.632008798660913
"1-3arc-Iteration1-PA1:1.75DO:0-Seed1027","1/3 arc-second",1,"1:1.75","0",1027,"classic",0.936800163886304,0.96486643437863,284,0.595934739985393
"1-3arc-Iteration1-PA1:1.75DO:0-Seed1028","1/3 arc-second",1,"1:1.75","0",1028,"classic",0.94059162531651,0.956329849012776,284,0.636925120252794
"1-3arc-Iteration1-PA1:1.75DO:0-Seed1029","1/3 arc-second",1,"1:1.75","0",1029,"classic",0.869030459331739,0.924912891986063,284,0.583238440303863
"1-3arc-Iteration1-PA1:1.75DO:0-Seed1030","1/3 arc-second",1,"1:1.75","0",1030,"classic",0.847151897939443,0.918989547038328,284,0.630491538969278
"1-3arc-Iteration1-PA1:1.75DO:0-Seed1031","1/3 arc-second",1,"1:1.75","0",1031,"classic",0.85266377142566,0.930836236933798,284,0.615528503518428
"1-3arc-Iteration1-PA1:1DO:0-Seed1001","1/3 arc-second",1,"1:1","0",1001,"classic",0.875005860973206,0.924183673469388,284,0.634673045856467
"1-3arc-Iteration1-PA1:1DO:0-Seed1002","1/3 arc-second",1,"1:1","0",1002,"classic",0.893491958913876,0.935102040816327,284,0.613135296310408
"1-3arc-Iteration1-PA1:1DO:0-Seed1003","1/3 arc-second",1,"1:1","0",1003,"classic",0.946769384755341,0.951632653061224,284,0.623159547033133
"1-3arc-Iteration1-PA1:1DO:0-Seed1052","1/3 arc-second",1,"1:1","0",1052,"classic",0.934645544102899,0.949897959183673,284,0.638874927236606
"1-3arc-Iteration1-PA1:1DO:0-Seed1053","1/3 arc-second",1,"1:1","0",1053,"classic",0.876828132531785,0.909795918367347,284,0.602953207809299
"1-3arc-Iteration1-PA1:1DO:0-Seed1054","1/3 arc-second",1,"1:1","0",1054,"classic",0.939994993343817,0.958163265306123,284,0.595890534813045
"1-3arc-Iteration1-PA1:1DO:0-Seed1055","1/3 arc-second",1,"1:1","0",1055,"classic",0.959290487540844,0.963265306122449,284,0.614598336313552
"1-3arc-Iteration1-PA1:1DO:0-Seed1056","1/3 arc-second",1,"1:1","0",1056,"classic",0.934668722994925,0.951326530612245,284,0.60928451603831
"1-3arc-Iteration1-PA1:1DO:0-Seed1057","1/3 arc-second",1,"1:1","0",1057,"classic",0.885062243382755,0.918673469387755,284,0.589779450796928
"1-3arc-Iteration1-PA1:1DO:0-Seed1058","1/3 arc-second",1,"1:1","0",1058,"classic",0.806695587652968,0.89030612244898,284,0.595952374278579
"1-3arc-Iteration1-PA1:1DO:0-Seed1059","1/3 arc-second",1,"1:1","0",1059,"classic",0.904551307346986,0.919081632653061,284,0.619530751721897
"1-3arc-Iteration1-PA1:1DO:0-Seed1060","1/3 arc-second",1,"1:1","0",1060,"classic",0.944363981478734,0.950612244897959,284,0.576628363006442
"1-3arc-Iteration1-PA1:1DO:0-Seed1061","1/3 arc-second",1,"1:1","0",1061,"classic",0.916571046336632,0.94234693877551,284,0.557629905500469
"1-3arc-Iteration1-PA1:2.25DO:0-Seed1032","1/3 arc-second",1,"1:2.25","0",1032,"classic",0.872944054609099,0.940280289330922,284,0.637580911498281
"1-3arc-Iteration1-PA1:2.25DO:0-Seed1033","1/3 arc-second",1,"1:2.25","0",1033,"classic",0.840094845903403,0.941184448462929,284,0.626210653740755
"1-3arc-Iteration1-PA1:2.25DO:0-Seed1034","1/3 arc-second",1,"1:2.25","0",1034,"classic",0.903593091856078,0.955334538878843,284,0.595912085746308
"1-3arc-Iteration1-PA1:2.25DO:0-Seed1035","1/3 arc-second",1,"1:2.25","0",1035,"classic",0.800608141432998,0.926989150090416,284,0.576617198236216
"1-3arc-Iteration1-PA1:2.25DO:0-Seed1036","1/3 arc-second",1,"1:2.25","0",1036,"classic",0.852360648161047,0.946428571428571,284,0.602740112719093
"1-3arc-Iteration1-PA1:2.5DO:0-Seed1016","1/3 arc-second",1,"1:2.5","0",1016,"classic",0.807246092601226,0.93887987012987,284,0.617561456936805
"1-3arc-Iteration1-PA1:2.5DO:0-Seed1017","1/3 arc-second",1,"1:2.5","0",1017,"classic",0.885138503079737,0.958441558441558,284,0.629551877392984
"1-3arc-Iteration1-PA1:2.5DO:0-Seed1018","1/3 arc-second",1,"1:2.5","0",1018,"classic",0.856523932457451,0.941720779220779,284,0.629457505640354
"1-3arc-Iteration1-PA1:2.75DO:0-Seed1037","1/3 arc-second",1,"1:2.75","0",1037,"classic",0.822228112966616,0.933468335787923,284,0.595166264912988
"1-3arc-Iteration1-PA1:2.75DO:0-Seed1038","1/3 arc-second",1,"1:2.75","0",1038,"classic",0.786440512857979,0.924263622974963,284,0.568890551970668
"1-3arc-Iteration1-PA1:2.75DO:0-Seed1039","1/3 arc-second",1,"1:2.75","0",1039,"classic",0.820711684339667,0.942378497790869,284,0.62929211618674
"1-3arc-Iteration1-PA1:2.75DO:0-Seed1040","1/3 arc-second",1,"1:2.75","0",1040,"classic",0.870564430298466,0.957842415316642,284,0.63000382291899
"1-3arc-Iteration1-PA1:2.75DO:0-Seed1041","1/3 arc-second",1,"1:2.75","0",1041,"classic",0.913638941549748,0.962555228276878,284,0.620825090123491
"1-3arc-Iteration1-PA1:2DO:0-Seed1004","1/3 arc-second",1,"1:2","0",1004,"classic",0.870378478741426,0.955065856129686,284,0.589851995341039
"1-3arc-Iteration1-PA1:2DO:0-Seed1005","1/3 arc-second",1,"1:2","0",1005,"classic",0.855973057885365,0.933434650455927,284,0.615455515720398
"1-3arc-Iteration1-PA1:2DO:0-Seed1006","1/3 arc-second",1,"1:2","0",1006,"classic",0.897228461125871,0.955065856129686,284,0.619888130626436
"1-3arc-Iteration1-PA1:3.23937677053824DO:0-Seed1042","1/3 arc-second",1,"1:3.23937677053824","0",1042,"classic",0.856231776697437,0.957362155388471,284,0.619573010746051
"1-3arc-Iteration1-PA1:3.23937677053824DO:0-Seed1043","1/3 arc-second",1,"1:3.23937677053824","0",1043,"classic",0.849711311332056,0.951315789473684,284,0.658875798489227
"1-3arc-Iteration1-PA1:3.23937677053824DO:0-Seed1044","1/3 arc-second",1,"1:3.23937677053824","0",1044,"classic",0.802501203413062,0.93765664160401,284,0.572425376196616
"1-3arc-Iteration1-PA1:3.23937677053824DO:0-Seed1045","1/3 arc-second",1,"1:3.23937677053824","0",1045,"classic",0.858449890555497,0.957832080200501,284,0.576249372648972
"1-3arc-Iteration1-PA1:3.23937677053824DO:0-Seed1046","1/3 arc-second",1,"1:3.23937677053824","0",1046,"classic",0.79926132820101,0.952944862155388,284,0.589848930197505
"1-3arc-Iteration1-PA1:3.47875354107649DO:0-Seed1019","1/3 arc-second",1,"1:3.47875354107649","0",1019,"classic",0.883134500209313,0.957055393586006,284,0.575172541316402
"1-3arc-Iteration1-PA1:3.47875354107649DO:0-Seed1020","1/3 arc-second",1,"1:3.47875354107649","0",1020,"classic",0.75504238697762,0.936034985422741,284,0.544939147760451
"1-3arc-Iteration1-PA1:3.47875354107649DO:0-Seed1021","1/3 arc-second",1,"1:3.47875354107649","0",1021,"classic",0.805140593064442,0.942798833819242,284,0.58669374629417
"1-3arc-Iteration1-PA1:3.71813031161473DO:0-Seed1047","1/3 arc-second",1,"1:3.71813031161473","0",1047,"classic",0.842405239749913,0.943947655398037,284,0.6178126947711
"1-3arc-Iteration1-PA1:3.71813031161473DO:0-Seed1048","1/3 arc-second",1,"1:3.71813031161473","0",1048,"classic",0.78760994084632,0.945910577971647,284,0.595341712319806
"1-3arc-Iteration1-PA1:3.71813031161473DO:0-Seed1049","1/3 arc-second",1,"1:3.71813031161473","0",1049,"classic",0.843052937287187,0.941494002181025,284,0.605152360245644
"1-3arc-Iteration1-PA1:3.71813031161473DO:0-Seed1050","1/3 arc-second",1,"1:3.71813031161473","0",1050,"classic",0.886395822645445,0.965894220283533,284,0.631681604176592
"1-3arc-Iteration1-PA1:3.71813031161473DO:0-Seed1051","1/3 arc-second",1,"1:3.71813031161473","0",1051,"classic",0.824318545611759,0.935005452562705,284,0.619213765912819
"1-3arc-Iteration1-PA1:3.95750708215297DO:0-Seed1010","1/3 arc-second",1,"1:3.95750708215297","0",1010,"classic",0.804031934960628,0.943292370711726,284,0.619372445288153
"1-3arc-Iteration1-PA1:3.95750708215297DO:0-Seed1011","1/3 arc-second",1,"1:3.95750708215297","0",1011,"classic",0.878162155050687,0.953661034306196,284,0.616687802358964
"1-3arc-Iteration1-PA1:3.95750708215297DO:0-Seed1012","1/3 arc-second",1,"1:3.95750708215297","0",1012,"classic",0.788228419473747,0.94152585765489,284,0.615860204430577
"1-3arc-Iteration1-PA1:3DO:0-Seed1007","1/3 arc-second",1,"1:3","0",1007,"classic",0.799727325840567,0.918144888287068,284,0.62326771587228
"1-3arc-Iteration1-PA1:3DO:0-Seed1008","1/3 arc-second",1,"1:3","0",1008,"classic",0.854555799554761,0.928199052132701,284,0.572612694365598
"1-3arc-Iteration1-PA1:3DO:0-Seed1009","1/3 arc-second",1,"1:3","0",1009,"classic",0.879114248823913,0.954299255247123,284,0.606658917689709
"1arc-Iteration0-PA1:1.25DO:0-Seed1022","1 arc-second",0,"1:1.25","0",1022,"classic",0.993067570165321,0.994652406417112,284,0.452762290053148
"1arc-Iteration0-PA1:1.25DO:0-Seed1023","1 arc-second",0,"1:1.25","0",1023,"classic",0.958278050649188,0.954545454545455,284,0.437543464529714
"1arc-Iteration0-PA1:1.25DO:0-Seed1024","1 arc-second",0,"1:1.25","0",1024,"classic",1,1,284,0.405235572257737
"1arc-Iteration0-PA1:1.25DO:0-Seed1025","1 arc-second",0,"1:1.25","0",1025,"classic",0.980891278079859,0.985294117647059,284,0.476545998305847
"1arc-Iteration0-PA1:1.25DO:0-Seed1026","1 arc-second",0,"1:1.25","0",1026,"classic",0.969221901679332,0.970588235294118,284,0.451301052957232
"1arc-Iteration0-PA1:1.5DO:0-Seed1013","1 arc-second",0,"1:1.5","0",1013,"classic",0.993067570165321,0.995475113122172,284,0.420014876839861
"1arc-Iteration0-PA1:1.5DO:0-Seed1014","1 arc-second",0,"1:1.5","0",1014,"classic",0.979230769230769,0.979638009049774,284,0.450074869374797
"1arc-Iteration0-PA1:1.5DO:0-Seed1015","1 arc-second",0,"1:1.5","0",1015,"classic",0.99094427244582,0.993212669683258,284,0.508493711787427
"1arc-Iteration0-PA1:1.75DO:0-Seed1027","1 arc-second",0,"1:1.75","0",1027,"classic",0.895373499808029,0.899430740037951,284,0.432589914400442
"1arc-Iteration0-PA1:1.75DO:0-Seed1028","1 arc-second",0,"1:1.75","0",1028,"classic",0.989753796255344,0.993358633776091,284,0.465697407878022
"1arc-Iteration0-PA1:1.75DO:0-Seed1029","1 arc-second",0,"1:1.75","0",1029,"classic",0.975224572587656,0.977229601518027,284,0.517944392422247
"1arc-Iteration0-PA1:1.75DO:0-Seed1030","1 arc-second",0,"1:1.75","0",1030,"classic",0.937314803372329,0.930740037950664,284,0.430501539621964
"1arc-Iteration0-PA1:1.75DO:0-Seed1031","1 arc-second",0,"1:1.75","0",1031,"classic",0.935081016410692,0.947817836812144,284,0.389067887552456
"1arc-Iteration0-PA1:1DO:0-Seed1001","1 arc-second",0,"1:1","0",1001,"classic",1,1,284,0.453120300598364
"1arc-Iteration0-PA1:1DO:0-Seed1002","1 arc-second",0,"1:1","0",1002,"classic",0.978969482529854,0.975778546712803,284,0.41897841229938
"1arc-Iteration0-PA1:1DO:0-Seed1003","1 arc-second",0,"1:1","0",1003,"classic",1,1,284,0.425417398067676
"1arc-Iteration0-PA1:1DO:0-Seed1052","1 arc-second",0,"1:1","0",1052,"classic",0.984305975354569,0.97923875432526,284,0.457286013759221
"1arc-Iteration0-PA1:1DO:0-Seed1053","1 arc-second",0,"1:1","0",1053,"classic",0.996635909265667,0.996539792387543,284,0.510733365869684
"1arc-Iteration0-PA1:1DO:0-Seed1054","1 arc-second",0,"1:1","0",1054,"classic",0.961205196642731,0.958477508650519,284,0.502333314469754
"1arc-Iteration0-PA1:1DO:0-Seed1055","1 arc-second",0,"1:1","0",1055,"classic",0.993067570165321,0.993079584775087,284,0.390988380068116
"1arc-Iteration0-PA1:1DO:0-Seed1056","1 arc-second",0,"1:1","0",1056,"classic",0.957738348733158,0.944636678200692,284,0.477435801745264
"1arc-Iteration0-PA1:1DO:0-Seed1057","1 arc-second",0,"1:1","0",1057,"classic",0.945356930651048,0.903114186851211,284,0.489217077587036
"1arc-Iteration0-PA1:1DO:0-Seed1058","1 arc-second",0,"1:1","0",1058,"classic",0.99094427244582,0.98961937716263,284,0.419140087687282
"1arc-Iteration0-PA1:1DO:0-Seed1059","1 arc-second",0,"1:1","0",1059,"classic",0.963713204580078,0.958477508650519,284,0.392889010371232
"1arc-Iteration0-PA1:1DO:0-Seed1060","1 arc-second",0,"1:1","0",1060,"classic",0.978969482529854,0.975778546712803,284,0.478487448119508
"1arc-Iteration0-PA1:1DO:0-Seed1061","1 arc-second",0,"1:1","0",1061,"classic",0.94383912746042,0.916955017301038,284,0.413160070233938
"1arc-Iteration0-PA1:2.25DO:0-Seed1032","1 arc-second",0,"1:2.25","0",1032,"classic",0.986907869442927,0.994117647058824,284,0.404962961781162
"1arc-Iteration0-PA1:2.25DO:0-Seed1033","1 arc-second",0,"1:2.25","0",1033,"classic",1,1,284,0.435361538791437
"1arc-Iteration0-PA1:2.25DO:0-Seed1034","1 arc-second",0,"1:2.25","0",1034,"classic",0.993067570165321,0.997058823529412,284,0.38996971128368
"1arc-Iteration0-PA1:2.25DO:0-Seed1035","1 arc-second",0,"1:2.25","0",1035,"classic",0.942126941685765,0.947794117647059,284,0.427408442370888
"1arc-Iteration0-PA1:2.25DO:0-Seed1036","1 arc-second",0,"1:2.25","0",1036,"classic",0.96697542653425,0.981617647058823,284,0.427888571735229
"1arc-Iteration0-PA1:2.5DO:0-Seed1016","1 arc-second",0,"1:2.5","0",1016,"classic",0.943802404165226,0.960561497326203,284,0.503426728560522
"1arc-Iteration0-PA1:2.5DO:0-Seed1017","1 arc-second",0,"1:2.5","0",1017,"classic",0.847180048536726,0.883021390374332,284,0.444317481030779
"1arc-Iteration0-PA1:2.5DO:0-Seed1018","1 arc-second",0,"1:2.5","0",1018,"classic",1,1,284,0.449245166891364
"1arc-Iteration0-PA1:2.75DO:0-Seed1037","1 arc-second",0,"1:2.75","0",1037,"classic",0.8729045492948,0.894957983193277,284,0.499681832359271
"1arc-Iteration0-PA1:2.75DO:0-Seed1038","1 arc-second",0,"1:2.75","0",1038,"classic",0.931716103369247,0.93577430972389,284,0.426619419037548
"1arc-Iteration0-PA1:2.75DO:0-Seed1039","1 arc-second",0,"1:2.75","0",1039,"classic",0.950584253309167,0.970588235294118,284,0.516186387055208
"1arc-Iteration0-PA1:2.75DO:0-Seed1040","1 arc-second",0,"1:2.75","0",1040,"classic",0.967465528992346,0.979591836734694,284,0.417407964752179
"1arc-Iteration0-PA1:2.75DO:0-Seed1041","1 arc-second",0,"1:2.75","0",1041,"classic",0.904802202027878,0.933973589435774,284,0.468126596716037
"1arc-Iteration0-PA1:2DO:0-Seed1004","1 arc-second",0,"1:2","0",1004,"classic",0.962556561085973,0.950420168067227,284,0.507973709243805
"1arc-Iteration0-PA1:2DO:0-Seed1005","1 arc-second",0,"1:2","0",1005,"classic",0.922648328658931,0.918487394957983,284,0.444240517357534
"1arc-Iteration0-PA1:2DO:0-Seed1006","1 arc-second",0,"1:2","0",1006,"classic",0.988515406162465,0.99327731092437,284,0.409671874047106
"1arc-Iteration0-PA1:3.25DO:0-Seed1042","1 arc-second",0,"1:3.25","0",1042,"classic",0.92490295917852,0.963880288957688,284,0.444026740485639
"1arc-Iteration0-PA1:3.25DO:0-Seed1043","1 arc-second",0,"1:3.25","0",1043,"classic",0.866518591256443,0.894736842105263,284,0.428114032018355
"1arc-Iteration0-PA1:3.25DO:0-Seed1044","1 arc-second",0,"1:3.25","0",1044,"classic",0.955867870465621,0.974200206398349,284,0.446307837941715
"1arc-Iteration0-PA1:3.25DO:0-Seed1045","1 arc-second",0,"1:3.25","0",1045,"classic",0.900591800325103,0.931888544891641,284,0.44399387940623
"1arc-Iteration0-PA1:3.25DO:0-Seed1046","1 arc-second",0,"1:3.25","0",1046,"classic",0.905974049422097,0.956140350877193,284,0.513249791252303
"1arc-Iteration0-PA1:3.5DO:0-Seed1019","1 arc-second",0,"1:3.5","0",1019,"classic",0.962777418659772,0.985294117647059,284,0.541459620633448
"1arc-Iteration0-PA1:3.5DO:0-Seed1020","1 arc-second",0,"1:3.5","0",1020,"classic",0.948890993307312,0.94876660341556,284,0.424670407686617
"1arc-Iteration0-PA1:3.5DO:0-Seed1021","1 arc-second",0,"1:3.5","0",1021,"classic",0.927921817506891,0.958254269449715,284,0.453482932631716
"1arc-Iteration0-PA1:3.75DO:0-Seed1047","1 arc-second",0,"1:3.75","0",1047,"classic",0.96496247545123,0.982174688057041,284,0.467727786692574
"1arc-Iteration0-PA1:3.75DO:0-Seed1048","1 arc-second",0,"1:3.75","0",1048,"classic",0.966301120165751,0.987076648841355,284,0.450163115988317
"1arc-Iteration0-PA1:3.75DO:0-Seed1049","1 arc-second",0,"1:3.75","0",1049,"classic",0.918791320949765,0.96969696969697,284,0.422619714018743
"1arc-Iteration0-PA1:3.75DO:0-Seed1050","1 arc-second",0,"1:3.75","0",1050,"classic",0.965836762187609,0.991087344028521,284,0.480820428556141
"1arc-Iteration0-PA1:3.75DO:0-Seed1051","1 arc-second",0,"1:3.75","0",1051,"classic",0.954683294886582,0.971479500891266,284,0.485079767954143
"1arc-Iteration0-PA1:3DO:0-Seed1007","1 arc-second",0,"1:3","0",1007,"classic",0.928638763197587,0.962819089900111,284,0.455667564106583
"1arc-Iteration0-PA1:3DO:0-Seed1008","1 arc-second",0,"1:3","0",1008,"classic",0.956503672676501,0.983351831298557,284,0.447921961823659
"1arc-Iteration0-PA1:3DO:0-Seed1009","1 arc-second",0,"1:3","0",1009,"classic",0.93815585500957,0.962264150943396,284,0.404274305850113
"1arc-Iteration0-PA1:4DO:0-Seed1010","1 arc-second",0,"1:4","0",1010,"classic",0.907238146310362,0.955260977630489,284,0.477508091427862
"1arc-Iteration0-PA1:4DO:0-Seed1011","1 arc-second",0,"1:4","0",1011,"classic",0.969095448636971,0.989229494614747,284,0.392001763642193
"1arc-Iteration0-PA1:4DO:0-Seed1012","1 arc-second",0,"1:4","0",1012,"classic",0.93974236547766,0.946147473073736,284,0.440744858003465
"1arc-Iteration1-PA1:1DO:0-Seed1001","1 arc-second",1,"1:1","0",1001,"classic",0.916222419542005,0.929723192690137,284,0.539781279731806
"1arc-Iteration1-PA1:1DO:0-Seed1002","1 arc-second",1,"1:1","0",1002,"classic",0.870935543970595,0.889814565976888,284,0.500527170711908
"1arc-Iteration1-PA1:1DO:0-Seed1003","1 arc-second",1,"1:1","0",1003,"classic",0.983313318707792,0.984547164740661,284,0.580767145918383
"1arc-Iteration1-PA1:1DO:0-Seed1013","1 arc-second",1,"1:1","0",1013,"classic",0.93740651025427,0.950147809728568,284,0.549522939990962
"1arc-Iteration1-PA1:1DO:0-Seed1014","1 arc-second",1,"1:1","0",1014,"classic",0.844372671686169,0.907954850846547,284,0.57253670216316
"1arc-Iteration1-PA1:1DO:0-Seed1015","1 arc-second",1,"1:1","0",1015,"classic",0.897601388310487,0.927035743079817,284,0.588686083822118
"1arc-Iteration1-PA1:1DO:0-Seed1016","1 arc-second",1,"1:1","0",1016,"classic",0.955012908739534,0.963450685299651,284,0.538221727555543
"1arc-Iteration1-PA1:1DO:0-Seed1017","1 arc-second",1,"1:1","0",1017,"classic",0.95324763535076,0.960763235689331,284,0.56009154759139
"1arc-Iteration1-PA1:1DO:0-Seed1018","1 arc-second",1,"1:1","0",1018,"classic",0.905926323226271,0.94974469228702,284,0.601400824166535
"1arc-Iteration1-PA1:1DO:0-Seed1019","1 arc-second",1,"1:1","0",1019,"classic",0.839520469684444,0.873152378392905,284,0.5363915630533
"1arc-Iteration1-PA1:1DO:0-Seed1020","1 arc-second",1,"1:1","0",1020,"classic",0.908955980883309,0.927573233001881,284,0.566669573842419
"1arc-Iteration1-PA1:1DO:0-Seed1021","1 arc-second",1,"1:1","0",1021,"classic",0.946855696491715,0.953238376780435,284,0.571116314643591
"1arc-Iteration1-PA1:1DO:0-Seed1022","1 arc-second",1,"1:1","0",1022,"classic",0.834317603961261,0.903789303950551,284,0.589552817740413
"1arc-Iteration1-PA1:2DO:0-Seed1004","1 arc-second",1,"1:2","0",1004,"classic",0.777416259755541,0.910911045417898,284,0.581885508835264
"1arc-Iteration1-PA1:2DO:0-Seed1005","1 arc-second",1,"1:2","0",1005,"classic",0.884561124062989,0.94739317387799,284,0.557037641539033
"1arc-Iteration1-PA1:2DO:0-Seed1006","1 arc-second",1,"1:2","0",1006,"classic",0.822526754212916,0.918637463047568,284,0.577096794626152
"1arc-Iteration1-PA1:3DO:0-Seed1007","1 arc-second",1,"1:3","0",1007,"classic",0.809381742500358,0.948893666577085,284,0.558160804482169
"1arc-Iteration1-PA1:3DO:0-Seed1008","1 arc-second",1,"1:3","0",1008,"classic",0.754435264534854,0.920451491534534,284,0.568969272093796
"1arc-Iteration1-PA1:3DO:0-Seed1009","1 arc-second",1,"1:3","0",1009,"classic",0.833617147430597,0.948669712442892,284,0.598293963007909
"1arc-Iteration1-PA1:4DO:0-Seed1010","1 arc-second",1,"1:4","0",1010,"classic",0.711870469565783,0.934594195108842,284,0.536048965418367
"1arc-Iteration1-PA1:4DO:0-Seed1011","1 arc-second",1,"1:4","0",1011,"classic",0.777578184994754,0.921862402579952,284,0.516148101625246
"1arc-Iteration1-PA1:4DO:0-Seed1012","1 arc-second",1,"1:4","0",1012,"classic",0.819882668945225,0.95374227358237,284,0.569242382738054
"3arc-Iteration0-PA1:1.25DO:0-Seed1022","3 arc-second",0,"1:1.25","0",1022,"classic",0.99077380952381,0.992063492063492,284,0.388788536830165
"3arc-Iteration0-PA1:1.25DO:0-Seed1023","3 arc-second",0,"1:1.25","0",1023,"classic",1,1,284,0.427339964671801
"3arc-Iteration0-PA1:1.25DO:0-Seed1024","3 arc-second",0,"1:1.25","0",1024,"classic",0.963348936065654,0.964285714285714,284,0.400980032031955
"3arc-Iteration0-PA1:1.25DO:0-Seed1025","3 arc-second",0,"1:1.25","0",1025,"classic",0.980680868838764,0.98015873015873,284,0.40261582676111
"3arc-Iteration0-PA1:1.25DO:0-Seed1026","3 arc-second",0,"1:1.25","0",1026,"classic",0.954003708506814,0.948412698412698,284,0.402407546157619
"3arc-Iteration0-PA1:1.25DO:0-Seed1052","3 arc-second",0,"1:1.25","0",1052,"classic",0.952259164535379,0.944444444444444,284,0.452483908180136
"3arc-Iteration0-PA1:1.25DO:0-Seed1053","3 arc-second",0,"1:1.25","0",1053,"classic",0.93699604743083,0.918650793650794,284,0.454031162629788
"3arc-Iteration0-PA1:1.25DO:0-Seed1054","3 arc-second",0,"1:1.25","0",1054,"classic",0.975186420722135,0.98015873015873,284,0.405604709788175
"3arc-Iteration0-PA1:1.25DO:0-Seed1055","3 arc-second",0,"1:1.25","0",1055,"classic",0.973796185140723,0.976190476190476,284,0.3880800281037
"3arc-Iteration0-PA1:1.25DO:0-Seed1056","3 arc-second",0,"1:1.25","0",1056,"classic",0.977137104841937,0.98015873015873,284,0.42120080921072
"3arc-Iteration0-PA1:1.25DO:0-Seed1057","3 arc-second",0,"1:1.25","0",1057,"classic",0.880272166221414,0.873015873015873,284,0.458911605762736
"3arc-Iteration0-PA1:1.25DO:0-Seed1058","3 arc-second",0,"1:1.25","0",1058,"classic",0.949446958270488,0.948412698412698,284,0.40596652103016
"3arc-Iteration0-PA1:1.25DO:0-Seed1059","3 arc-second",0,"1:1.25","0",1059,"classic",0.922049483669066,0.920634920634921,284,0.360298496533748
"3arc-Iteration0-PA1:1.25DO:0-Seed1060","3 arc-second",0,"1:1.25","0",1060,"classic",0.90314425549388,0.908730158730159,284,0.419650759025333
"3arc-Iteration0-PA1:1.25DO:0-Seed1061","3 arc-second",0,"1:1.25","0",1061,"classic",0.96107535321821,0.948412698412698,284,0.435658095028906
"3arc-Iteration0-PA1:1.5DO:0-Seed1013","3 arc-second",0,"1:1.5","0",1013,"classic",0.957135589278446,0.945578231292517,284,0.371240420743207
"3arc-Iteration0-PA1:1.5DO:0-Seed1014","3 arc-second",0,"1:1.5","0",1014,"classic",0.970508658008658,0.967687074829932,284,0.445597491471606
"3arc-Iteration0-PA1:1.5DO:0-Seed1015","3 arc-second",0,"1:1.5","0",1015,"classic",0.985475536368393,0.989795918367347,284,0.442485331610097
"3arc-Iteration0-PA1:1.75DO:0-Seed1027","3 arc-second",0,"1:1.75","0",1027,"classic",1,1,284,0.46961027614363
"3arc-Iteration0-PA1:1.75DO:0-Seed1028","3 arc-second",0,"1:1.75","0",1028,"classic",0.975595238095238,0.98,284,0.43831095928068
"3arc-Iteration0-PA1:1.75DO:0-Seed1029","3 arc-second",0,"1:1.75","0",1029,"classic",0.941012938729657,0.964285714285714,284,0.387389492031547
"3arc-Iteration0-PA1:1.75DO:0-Seed1030","3 arc-second",0,"1:1.75","0",1030,"classic",0.889438431938432,0.895714285714286,284,0.424557542446068
"3arc-Iteration0-PA1:1.75DO:0-Seed1031","3 arc-second",0,"1:1.75","0",1031,"classic",0.970508658008658,0.972857142857143,284,0.443637637718401
"3arc-Iteration0-PA1:1DO:0-Seed1001","3 arc-second",0,"1:1","0",1001,"classic",0.954082522336998,0.933673469387755,284,0.397181426263802
"3arc-Iteration0-PA1:1DO:0-Seed1002","3 arc-second",0,"1:1","0",1002,"classic",0.970296964939822,0.959183673469388,284,0.41749963687136
"3arc-Iteration0-PA1:1DO:0-Seed1003","3 arc-second",0,"1:1","0",1003,"classic",0.941815734390922,0.923469387755102,284,0.455452721644873
"3arc-Iteration0-PA1:2.25DO:0-Seed1032","3 arc-second",0,"1:2.25","0",1032,"classic",0.963624338624339,0.96875,284,0.424233094297999
"3arc-Iteration0-PA1:2.25DO:0-Seed1033","3 arc-second",0,"1:2.25","0",1033,"classic",0.978361857563538,0.988839285714286,284,0.393838825557395
"3arc-Iteration0-PA1:2.25DO:0-Seed1034","3 arc-second",0,"1:2.25","0",1034,"classic",0.995068027210884,0.997767857142857,284,0.379579221684088
"3arc-Iteration0-PA1:2.25DO:0-Seed1035","3 arc-second",0,"1:2.25","0",1035,"classic",0.903089322685596,0.930803571428571,284,0.416235218347457
"3arc-Iteration0-PA1:2.25DO:0-Seed1036","3 arc-second",0,"1:2.25","0",1036,"classic",1,1,284,0.374604958847432
"3arc-Iteration0-PA1:2.5DO:0-Seed1016","3 arc-second",0,"1:2.5","0",1016,"classic",0.984046310832025,0.994047619047619,284,0.375063977753922
"3arc-Iteration0-PA1:2.5DO:0-Seed1017","3 arc-second",0,"1:2.5","0",1017,"classic",0.88367579295831,0.922619047619048,284,0.453514981675512
"3arc-Iteration0-PA1:2.5DO:0-Seed1018","3 arc-second",0,"1:2.5","0",1018,"classic",0.99077380952381,0.996031746031746,284,0.4013197755545
"3arc-Iteration0-PA1:2.75DO:0-Seed1037","3 arc-second",0,"1:2.75","0",1037,"classic",0.928929128751799,0.937728937728938,284,0.445276903853676
"3arc-Iteration0-PA1:2.75DO:0-Seed1038","3 arc-second",0,"1:2.75","0",1038,"classic",0.947482629415403,0.95970695970696,284,0.375689765188541
"3arc-Iteration0-PA1:2.75DO:0-Seed1039","3 arc-second",0,"1:2.75","0",1039,"classic",0.922275830622104,0.93956043956044,284,0.433776344194549
"3arc-Iteration0-PA1:2.75DO:0-Seed1040","3 arc-second",0,"1:2.75","0",1040,"classic",0.95499462943072,0.957875457875458,284,0.41866683676667
"3arc-Iteration0-PA1:2.75DO:0-Seed1041","3 arc-second",0,"1:2.75","0",1041,"classic",0.945149780433032,0.967032967032967,284,0.412293124832737
"3arc-Iteration0-PA1:2DO:0-Seed1004","3 arc-second",0,"1:2","0",1004,"classic",0.980909863945578,0.989795918367347,284,0.407792754999858
"3arc-Iteration0-PA1:2DO:0-Seed1005","3 arc-second",0,"1:2","0",1005,"classic",1,1,284,0.417624823597619
"3arc-Iteration0-PA1:2DO:0-Seed1006","3 arc-second",0,"1:2","0",1006,"classic",0.942583738476233,0.950255102040816,284,0.399444342972863
"3arc-Iteration0-PA1:3.25DO:0-Seed1042","3 arc-second",0,"1:3.25","0",1042,"classic",0.858760985299739,0.875776397515528,284,0.48995572599554
"3arc-Iteration0-PA1:3.25DO:0-Seed1043","3 arc-second",0,"1:3.25","0",1043,"classic",0.930808745785704,0.958850931677019,284,0.405491800396753
"3arc-Iteration0-PA1:3.25DO:0-Seed1044","3 arc-second",0,"1:3.25","0",1044,"classic",0.931744139963678,0.963509316770186,284,0.449858450914013
"3arc-Iteration0-PA1:3.25DO:0-Seed1045","3 arc-second",0,"1:3.25","0",1045,"classic",0.89796123273871,0.937111801242236,284,0.356212200931477
"3arc-Iteration0-PA1:3.25DO:0-Seed1046","3 arc-second",0,"1:3.25","0",1046,"classic",0.963624338624339,0.978260869565217,284,0.429328970565956
"3arc-Iteration0-PA1:3.5DO:0-Seed1019","3 arc-second",0,"1:3.5","0",1019,"classic",0.92734281212485,0.927857142857143,284,0.451543168240767
"3arc-Iteration0-PA1:3.5DO:0-Seed1020","3 arc-second",0,"1:3.5","0",1020,"classic",0.902564992248039,0.967142857142857,284,0.413624230980374
"3arc-Iteration0-PA1:3.5DO:0-Seed1021","3 arc-second",0,"1:3.5","0",1021,"classic",0.954288766788767,0.965714285714286,284,0.448432516650983
"3arc-Iteration0-PA1:3.75DO:0-Seed1047","3 arc-second",0,"1:3.75","0",1047,"classic",0.930945486302629,0.961640211640212,284,0.406957057735057
"3arc-Iteration0-PA1:3.75DO:0-Seed1048","3 arc-second",0,"1:3.75","0",1048,"classic",0.960710313046242,0.977762803234501,284,0.408817725399028
"3arc-Iteration0-PA1:3.75DO:0-Seed1049","3 arc-second",0,"1:3.75","0",1049,"classic",0.905454534518574,0.955026455026455,284,0.454084472450721
"3arc-Iteration0-PA1:3.75DO:0-Seed1050","3 arc-second",0,"1:3.75","0",1050,"classic",0.884758836645026,0.882275132275132,284,0.358266107053225
"3arc-Iteration0-PA1:3.75DO:0-Seed1051","3 arc-second",0,"1:3.75","0",1051,"classic",0.980680868838764,0.993386243386243,284,0.452628308005784
"3arc-Iteration0-PA1:3DO:0-Seed1007","3 arc-second",0,"1:3","0",1007,"classic",0.921837182994844,0.942691029900332,284,0.407200139410211
"3arc-Iteration0-PA1:3DO:0-Seed1008","3 arc-second",0,"1:3","0",1008,"classic",0.963624338624339,0.976744186046512,284,0.509710971035399
"3arc-Iteration0-PA1:3DO:0-Seed1009","3 arc-second",0,"1:3","0",1009,"classic",0.989769754055468,0.996677740863787,284,0.400520196431135
"3arc-Iteration0-PA1:4DO:0-Seed1010","3 arc-second",0,"1:4","0",1010,"classic",0.864831352121268,0.93483709273183,284,0.383849172492287
"3arc-Iteration0-PA1:4DO:0-Seed1011","3 arc-second",0,"1:4","0",1011,"classic",0.94697862308499,0.982456140350877,284,0.385699971450947
"3arc-Iteration0-PA1:4DO:0-Seed1012","3 arc-second",0,"1:4","0",1012,"classic",0.957346574993634,0.974937343358396,284,0.422042837652284
"3arc-Iteration1-PA1:1DO:0-Seed1001","3 arc-second",1,"1:1","0",1001,"classic",0.978654382360417,0.98,284,0.551316426160529
"3arc-Iteration1-PA1:1DO:0-Seed1002","3 arc-second",1,"1:1","0",1002,"classic",0.887534739635401,0.927407407407407,284,0.524183652303159
"3arc-Iteration1-PA1:1DO:0-Seed1003","3 arc-second",1,"1:1","0",1003,"classic",0.861820330772453,0.930123456790123,284,0.51667391837036
"3arc-Iteration1-PA1:1DO:0-Seed1013","3 arc-second",1,"1:1","0",1013,"classic",0.909687864051703,0.915555555555556,284,0.493098800946455
"3arc-Iteration1-PA1:1DO:0-Seed1014","3 arc-second",1,"1:1","0",1014,"classic",0.939434139676161,0.95283950617284,284,0.540696807791791
"3arc-Iteration1-PA1:1DO:0-Seed1015","3 arc-second",1,"1:1","0",1015,"classic",0.941190690761322,0.94962962962963,284,0.508964620161763
"3arc-Iteration1-PA1:1DO:0-Seed1016","3 arc-second",1,"1:1","0",1016,"classic",0.956322111516122,0.961728395061728,284,0.526272612824883
"3arc-Iteration1-PA1:1DO:0-Seed1017","3 arc-second",1,"1:1","0",1017,"classic",0.904005087700297,0.92641975308642,284,0.511797540444187
"3arc-Iteration1-PA1:1DO:0-Seed1018","3 arc-second",1,"1:1","0",1018,"classic",0.934682127627453,0.944691358024691,284,0.538323545715959
"3arc-Iteration1-PA1:1DO:0-Seed1019","3 arc-second",1,"1:1","0",1019,"classic",0.844810664228886,0.9,284,0.504601312104618
"3arc-Iteration1-PA1:1DO:0-Seed1020","3 arc-second",1,"1:1","0",1020,"classic",0.875532499364906,0.906172839506173,284,0.528283556598245
"3arc-Iteration1-PA1:1DO:0-Seed1021","3 arc-second",1,"1:1","0",1021,"classic",0.789978260237755,0.883950617283951,284,0.539483757557874
"3arc-Iteration1-PA1:1DO:0-Seed1022","3 arc-second",1,"1:1","0",1022,"classic",0.96202238199876,0.963703703703704,284,0.510039062460937
"3arc-Iteration1-PA1:2DO:0-Seed1004","3 arc-second",1,"1:2","0",1004,"classic",0.829746631045216,0.937484737484737,284,0.554410097409374
"3arc-Iteration1-PA1:2DO:0-Seed1005","3 arc-second",1,"1:2","0",1005,"classic",0.810390582424836,0.918437118437118,284,0.558749209429442
"3arc-Iteration1-PA1:2DO:0-Seed1006","3 arc-second",1,"1:2","0",1006,"classic",0.724147387275242,0.86007326007326,284,0.5643967997283
"3arc-Iteration1-PA1:3DO:0-Seed1007","3 arc-second",1,"1:3","0",1007,"classic",0.869404659009142,0.966585563665856,284,0.537034085211015
"3arc-Iteration1-PA1:3DO:0-Seed1008","3 arc-second",1,"1:3","0",1008,"classic",0.676786586534159,0.916463909164639,284,0.525742580257231
"3arc-Iteration1-PA1:3DO:0-Seed1009","3 arc-second",1,"1:3","0",1009,"classic",0.887906233244447,0.960178426601784,284,0.579948835581382
"3arc-Iteration1-PA1:4DO:0-Seed1010","3 arc-second",1,"1:4","0",1010,"classic",0.62031307727946,0.870673952641166,284,0.558751731754738
"3arc-Iteration1-PA1:4DO:0-Seed1011","3 arc-second",1,"1:4","0",1011,"classic",0.777709777880838,0.923132969034608,284,0.533947964553478
"3arc-Iteration1-PA1:4DO:0-Seed1012","3 arc-second",1,"1:4","0",1012,"classic",0.709388116962757,0.942319368548877,284,0.535125480397986
