"resolution","iteration","metric","mean","median","sd","min","max","n"
"1-3arc","0","brier_class",0.196398094384868,0.190310836363636,0.0474210233608319,0.104947236363636,0.282501056603774,35
"1-3arc","0","brier_scaled",0.152634478115337,0.182289443413729,0.136857176226142,-0.163556404692082,0.344079772727273,35
"1-3arc","0","cox_intercept",1.57702564165021,1.16598541094292,1.05430360485234,0.121939078004079,5.39784343611873,35
"1-3arc","0","cox_slope",0.52137954466991,0.407447307340313,0.361532511108508,0.0110490236000707,1.1107091207277,35
"1-3arc","0","dca_mean_excess_nb",0.0748818643590777,0.0761752850095793,0.0217212729854546,-0.0069852519218598,0.108780380498604,35
"1-3arc","0","dca_nb_pt25",0.163150576597183,0.166666666666667,0.0553567481962235,0.0678466076696165,0.387596899224806,35
"1-3arc","0","dca_nb_pt50",0.154798635330869,0.161290322580645,0.042813875480259,0.0563380281690141,0.227272727272727,35
"1-3arc","0","dca_nb_pt75",0.147973987085732,0.152542372881356,0.0485843702750106,0.0188679245283019,0.232558139534884,35
"1-3arc","0","dca_prop_useful",0.756421356421356,0.757575757575758,0.0836822285829673,0.535353535353535,0.898989898989899,35
"1-3arc","0","prevalence",0.383411394533512,0.407407407407407,0.08590518848595,0.194690265486726,0.511627906976744,35
"1arc","0","brier_class",0.119126802350004,0.1188346,0.0318773799807427,0.0686046818181818,0.189924129032258,61
"1arc","0","brier_scaled",0.442360274867069,0.455501805555556,0.087891249502278,0.220012444444444,0.581979515151515,61
"1arc","0","cox_intercept",0.875114876439639,0.80279714252697,0.769959650536253,-0.520394018877147,3.53037962347913,61
"1arc","0","cox_slope",0.741512389368537,0.63051023637306,0.419073011695937,0.224730231604104,1.91968406249064,61
"1arc","0","dca_mean_excess_nb",0.121987769668277,0.119610854062364,0.0354915570609879,0.0315949939079546,0.208351093194932,61
"1arc","0","dca_nb_pt25",0.218387178999811,0.193333333333333,0.0900650459584971,0.0736842105263158,0.431372549019608,61
"1arc","0","dca_nb_pt50",0.182344444732989,0.169230769230769,0.0756635937024338,0.0804597701149425,0.352941176470588,61
"1arc","0","dca_nb_pt75",0.170285217319357,0.153846153846154,0.0758235574888808,0.0547945205479452,0.323529411764706,61
"1arc","0","dca_prop_useful",0.888723298559364,0.909090909090909,0.0938269448123951,0.646464646464647,1,61
"1arc","0","prevalence",0.340480371745623,0.305084745762712,0.116509722290755,0.189473684210526,0.580645161290323,61
"3arc","0","brier_class",0.0736455280123482,0.0671215438596491,0.0280751897542494,0.0355026666666667,0.163068666666667,61
"3arc","0","brier_scaled",0.657167876322531,0.676470755555556,0.112630234665617,0.195660720567376,0.828995488888889,61
"3arc","0","cox_intercept",-0.96805300164836,-0.967778365074411,0.345925478905995,-1.90817886899877,-0.193730075458863,61
"3arc","0","cox_slope",1.96704267836328,1.7966563082406,0.947442788556929,0.95217513853502,7.33594077475245,61
"3arc","0","dca_mean_excess_nb",0.181437421801766,0.176598256346376,0.0508911690528201,0.0606033036395184,0.280747154103788,61
"3arc","0","dca_nb_pt25",0.260473794473458,0.242424242424242,0.109509459492499,0.0806451612903226,0.5,61
"3arc","0","dca_nb_pt50",0.266461780748485,0.232142857142857,0.116052724344916,-0.112903225806452,0.518518518518519,61
"3arc","0","dca_nb_pt75",0.264636795970561,0.25,0.118290814851497,-0.0555555555555556,0.5,61
"3arc","0","dca_prop_useful",0.950819672131148,0.97979797979798,0.0666583866359986,0.727272727272727,1,61
"3arc","0","prevalence",0.349489282955285,0.326086956521739,0.119606217936917,0.1875,0.576923076923077,61
"1-3arc","1","brier_class",0.324625340188122,0.369412505530417,0.0925729106250719,0.17315024572363,0.430315357564301,22
"1-3arc","1","brier_scaled",-0.409644039281254,-0.487450989294158,0.231156439348579,-0.73119713465721,-0.0730524860863644,22
"1-3arc","1","cox_intercept",3.67606154692536,3.57045775291094,0.947534468699524,2.05135600498615,6.20550083414809,22
"1-3arc","1","cox_slope",-0.0215586876817035,-0.0226919978508828,0.0591652303022812,-0.116718515934247,0.0861243431935127,22
"1-3arc","1","dca_mean_excess_nb",-0.0435827090134377,-0.0515301801423188,0.0335692391051679,-0.0935553784147275,0.00112633054523559,22
"1-3arc","1","dca_nb_pt25",0.0698669949500896,0.0756462385081402,0.0234361003209471,0.0227920227920228,0.0984848484848485,22
"1-3arc","1","dca_nb_pt50",0.0603964064779493,0.0726409286782165,0.0251396979076364,0.0227920227920228,0.0984848484848485,22
"1-3arc","1","dca_nb_pt75",0.0452452105829346,0.0523930828393671,0.019122907900898,0.0170940170940171,0.0718954248366013,22
"1-3arc","1","dca_prop_useful",0.638200183654729,0.585858585858586,0.107290849932261,0.505050505050505,0.828282828282828,22
"1-3arc","1","prevalence",0.397590863538775,0.459590246354952,0.121017816537683,0.202279202279202,0.537878787878788,22
"1arc","1","brier_class",0.115477509532161,0.111796543095712,0.0196409209551745,0.0520430620300752,0.1711291,61
"1arc","1","brier_scaled",0.452457847629106,0.440974419041654,0.0832830351503311,0.314722180200222,0.790870121706043,61
"1arc","1","cox_intercept",1.17684883629135,1.17833823537233,0.212550493454102,0.205831411140761,1.56132399687883,61
"1arc","1","cox_slope",2.24889362215971,2.26076525248341,0.446460053302942,1.42518480401398,3.28944012126382,61
"1arc","1","dca_mean_excess_nb",0.0839749146045655,0.0798531145184613,0.0370767936908045,0.0423523283795871,0.231128337474704,61
"1arc","1","dca_nb_pt25",0.280737023521815,0.264423076923077,0.114122004489745,0.131182795698925,0.473829201101928,61
"1arc","1","dca_nb_pt50",0.159567330505074,0.109004739336493,0.122719264552312,0.0165016501650165,0.462809917355372,61
"1arc","1","dca_nb_pt75",0.0369582694485606,0.01,0.0672290487659195,0,0.383458646616541,61
"1arc","1","dca_prop_useful",0.783904619970194,0.777777777777778,0.0939136615950107,0.555555555555556,0.98989898989899,61
"1arc","1","prevalence",0.341116269161341,0.313131313131313,0.108452769605054,0.2,0.53448275862069,61
"3arc","1","brier_class",0.108040869043039,0.105089957566411,0.0285496364382633,0.0637882555555556,0.203132449438202,39
"3arc","1","brier_scaled",0.488715811683714,0.530086247593816,0.167367699050399,0.178200939620306,0.744846977777778,39
"3arc","1","cox_intercept",0.333685133193451,0.316745465760254,0.420053062494837,-0.608791681295114,1.19524924150384,39
"3arc","1","cox_slope",0.954076981455331,0.919051204792291,0.253834810541353,0.355565931241365,1.43873861407816,39
"3arc","1","dca_mean_excess_nb",0.0880633499411814,0.0747624224348641,0.0755936636031937,-0.0384619171303339,0.220723223451123,39
"3arc","1","dca_nb_pt25",0.33663782644747,0.410774410774411,0.138443603866365,0.0915750915750916,0.494117647058823,39
"3arc","1","dca_nb_pt50",0.255260546742053,0.326732673267327,0.17266159395673,-0.032967032967033,0.5,39
"3arc","1","dca_nb_pt75",0.083869595915358,0.0823529411764706,0.151883440645104,-0.15819209039548,0.333333333333333,39
"3arc","1","dca_prop_useful",0.745920745920746,0.747474747474748,0.18244528956651,0.414141414141414,1,39
"3arc","1","prevalence",0.393443863703882,0.469387755102041,0.138775524528239,0.164835164835165,0.547619047619048,39
