"resolution","iteration","PAratio","metric","mean","median","sd","min","max","n"
"1-3arc","0",1,"brier_class",0.245200195575666,0.24642,0.00743125116656486,0.237234509803922,0.251946076923077,3
"1-3arc","0",1,"brier_scaled",0.00435983162661095,0.0124531818181818,0.0332751632298355,-0.0322154424242425,0.0328417554858935,3
"1-3arc","0",1,"cox_intercept",0.923955391029236,0.897241785640307,0.53110970583459,0.406706589628674,1.46791779781873,3
"1-3arc","0",1,"cox_slope",0.175901168337914,0.202922068813325,0.153140149180578,0.0110490236000707,0.313732412600348,3
"1-3arc","0",1,"dca_mean_excess_nb",0.0561924099099842,0.051353723784179,0.0190892982706865,0.039988067894493,0.0772354380512807,3
"1-3arc","0",1,"dca_nb_pt25",0.182401760406876,0.179487179487179,0.0336271186689257,0.150326797385621,0.217391304347826,3
"1-3arc","0",1,"dca_nb_pt50",0.156551249262247,0.134615384615385,0.053367736013034,0.117647058823529,0.217391304347826,3
"1-3arc","0",1,"dca_nb_pt75",0.155840820163071,0.137254901960784,0.0345028937700632,0.134615384615385,0.195652173913043,3
"1-3arc","0",1,"dca_prop_useful",0.673400673400673,0.676767676767677,0.0154295477944641,0.656565656565657,0.686868686868687,3
"1-3arc","0",1,"prevalence",0.444236780553916,0.431372549019608,0.0297562317377714,0.423076923076923,0.478260869565217,3
"1-3arc","0",1.25,"brier_class",0.220369850695699,0.213416444444444,0.0331932349095113,0.162099593220339,0.26161472,15
"1-3arc","0",1.25,"brier_scaled",0.102973733483204,0.116019386363636,0.125674504853337,-0.061748051948052,0.306795228501229,15
"1-3arc","0",1.25,"cox_intercept",1.65320150257583,1.87877471019977,0.679725533160976,0.416445507825635,2.64444012160681,15
"1-3arc","0",1.25,"cox_slope",0.524433779711702,0.353910789224474,0.348584487404995,0.153103246007288,1.09942126104872,15
"1-3arc","0",1.25,"dca_mean_excess_nb",0.081242624769333,0.0824209499886333,0.0170600642714062,0.0499435414949808,0.108780380498604,15
"1-3arc","0",1.25,"dca_nb_pt25",0.196872569385241,0.186666666666667,0.0576157607011471,0.129943502824859,0.387596899224806,15
"1-3arc","0",1.25,"dca_nb_pt50",0.181497039794902,0.191489361702128,0.0314590189474779,0.105263157894737,0.227272727272727,15
"1-3arc","0",1.25,"dca_nb_pt75",0.180910687115497,0.191489361702128,0.0272373911731536,0.14,0.232558139534884,15
"1-3arc","0",1.25,"dca_prop_useful",0.727946127946128,0.707070707070707,0.0667264005714426,0.646464646464647,0.868686868686869,15
"1-3arc","0",1.25,"prevalence",0.442542312402958,0.44,0.0383566755645981,0.372881355932203,0.511627906976744,15
"1-3arc","0",1.5,"brier_class",0.217424244006185,0.186627753846154,0.0563850860177648,0.183143921568627,0.282501056603774,3
"1-3arc","0",1.5,"brier_scaled",0.0854300312711406,0.166488097251586,0.219959760864608,-0.163556404692082,0.253358401253918,3
"1-3arc","0",1.5,"cox_intercept",2.45706273877341,2.17983921307083,1.44970705951813,1.16598541094292,4.02536359230647,3
"1-3arc","0",1.5,"cox_slope",0.392495908752404,0.0917172548688905,0.552234267624661,0.0559439277678756,1.02982654362045,3
"1-3arc","0",1.5,"dca_mean_excess_nb",0.0583760222652553,0.0792917008221493,0.0578142402171978,-0.0069852519218598,0.102821617895477,3
"1-3arc","0",1.5,"dca_nb_pt25",0.158875070750764,0.148717948717949,0.0270585418526552,0.138364779874214,0.189542483660131,3
"1-3arc","0",1.5,"dca_nb_pt50",0.14784142975042,0.153846153846154,0.0320561324057138,0.113207547169811,0.176470588235294,3
"1-3arc","0",1.5,"dca_nb_pt75",0.11780263145413,0.138461538461538,0.0903934940305679,0.0188679245283019,0.196078431372549,3
"1-3arc","0",1.5,"dca_prop_useful",0.696969696969697,0.777777777777778,0.139963701621727,0.535353535353535,0.777777777777778,3
"1-3arc","0",1.5,"prevalence",0.394976142367929,0.415094339622642,0.0496152231307595,0.338461538461538,0.431372549019608,3
"1-3arc","0",1.75,"brier_class",0.188259171859344,0.190310836363636,0.0118380017610482,0.174552327868852,0.204909793103448,5
"1-3arc","0",1.75,"brier_scaled",0.188979715075263,0.207038181818182,0.059282656933032,0.122553802371542,0.242996256410257,5
"1-3arc","0",1.75,"cox_intercept",1.34928894408218,1.06070156975182,0.817477751050705,0.81215348170136,2.79680250185132,5
"1-3arc","0",1.75,"cox_slope",0.495396733050495,0.704546023158956,0.319409635778535,0.0387400836527425,0.745311426538069,5
"1-3arc","0",1.75,"dca_mean_excess_nb",0.0812584114297577,0.0848566395269354,0.0113745124722843,0.0616347228632761,0.0908190795381512,5
"1-3arc","0",1.75,"dca_nb_pt25",0.149283119740901,0.153005464480874,0.0202394551625013,0.117647058823529,0.172413793103448,5
"1-3arc","0",1.75,"dca_nb_pt50",0.158046452197579,0.163636363636364,0.0152685572250663,0.132352941176471,0.172413793103448,5
"1-3arc","0",1.75,"dca_nb_pt75",0.145944234261224,0.157894736842105,0.0335012495290514,0.0882352941176471,0.172413793103448,5
"1-3arc","0",1.75,"dca_prop_useful",0.75959595959596,0.757575757575758,0.0131701058690962,0.747474747474748,0.777777777777778,5
"1-3arc","0",1.75,"prevalence",0.369892081315582,0.379310344827586,0.0295310578946149,0.323529411764706,0.4,5
"1-3arc","0",2,"brier_class",0.169253690704852,0.17281075862069,0.00800575086455738,0.160085806451613,0.174864507042254,3
"1-3arc","0",2,"brier_scaled",0.249665400329829,0.265990666666667,0.0608777746798796,0.182289443413729,0.300716090909091,3
"1-3arc","0",2,"cox_intercept",0.748975533165556,0.982364386855953,0.548909604248425,0.121939078004079,1.14262313463664,3
"1-3arc","0",2,"cox_slope",0.907169230463268,1.10140425737698,0.344514598634878,0.509394313285128,1.1107091207277,3
"1-3arc","0",2,"dca_mean_excess_nb",0.0820176518616557,0.0908847260971727,0.0171371489390802,0.0622637648903009,0.0929044645974936,3
"1-3arc","0",2,"dca_nb_pt25",0.141501337775758,0.145161290322581,0.0271807457660467,0.112676056338028,0.166666666666667,3
"1-3arc","0",2,"dca_nb_pt50",0.130014047951036,0.161290322580645,0.0640472467582219,0.0563380281690141,0.172413793103448,3
"1-3arc","0",2,"dca_nb_pt75",0.127969522735225,0.112903225806452,0.0391494048174346,0.0985915492957747,0.172413793103448,3
"1-3arc","0",2,"dca_prop_useful",0.804713804713805,0.808080808080808,0.0354735816594368,0.767676767676768,0.838383838383838,3
"1-3arc","0",2,"prevalence",0.348002736478194,0.354838709677419,0.0352266212082242,0.309859154929577,0.379310344827586,3
"1-3arc","0",3,"brier_class",0.133993877913113,0.134987047619048,0.00313504680486764,0.130482541176471,0.13651204494382,3
"1-3arc","0",3,"brier_scaled",0.295978033165643,0.301709231671554,0.0271599694306947,0.266409831750339,0.319815036075036,3
"1-3arc","0",3,"cox_intercept",1.42288068920004,0.988050841004093,0.783725312353826,0.952969186072553,2.32762204052348,3
"1-3arc","0",3,"cox_slope",0.606150474388044,0.786879929974934,0.405282628059638,0.141945330749313,0.889626162439886,3
"1-3arc","0",3,"dca_mean_excess_nb",0.0736848224268973,0.0729941412415047,0.00120291879328884,0.0729864996407418,0.0750738263984452,3
"1-3arc","0",3,"dca_nb_pt25",0.107228709211525,0.108614232209738,0.00472989171215063,0.101960784313725,0.111111111111111,3
"1-3arc","0",3,"dca_nb_pt50",0.112383155509395,0.112359550561798,0.00525214062380501,0.107142857142857,0.117647058823529,3
"1-3arc","0",3,"dca_nb_pt75",0.100618449627042,0.107142857142857,0.0160320014899956,0.0823529411764706,0.112359550561798,3
"1-3arc","0",3,"dca_prop_useful",0.855218855218855,0.848484848484849,0.0116636418018106,0.848484848484849,0.868686868686869,3
"1-3arc","0",3,"prevalence",0.255973100850827,0.258823529411765,0.00775998208256371,0.247191011235955,0.261904761904762,3
"1-3arc","0",4,"brier_class",0.109824553046241,0.109173026548673,0.0052335844175099,0.104947236363636,0.115353396226415,3
"1-3arc","0",4,"brier_scaled",0.315467422410922,0.303681130869131,0.0249068214834669,0.298641363636364,0.344079772727273,3
"1-3arc","0",4,"cox_intercept",2.33093571406815,1.08153627462733,2.67116625205205,0.513427431458382,5.39784343611873,3
"1-3arc","0",4,"cox_slope",0.553214452231316,0.644492169163417,0.338760754604784,0.178166831504529,0.836984356026002,3
"1-3arc","0",4,"dca_mean_excess_nb",0.0617070348291858,0.0629478408057707,0.00679269694075384,0.054379469093108,0.0677937945886788,3
"1-3arc","0",4,"dca_nb_pt25",0.0802484689945034,0.0848484848484849,0.0108589848266422,0.0678466076696165,0.0880503144654088,3
"1-3arc","0",4,"dca_nb_pt50",0.0882982437499051,0.0909090909090909,0.00768686533752612,0.079646017699115,0.0943396226415094,3
"1-3arc","0",4,"dca_nb_pt75",0.0763379326745498,0.0727272727272727,0.0164954456130899,0.0619469026548673,0.0943396226415094,3
"1-3arc","0",4,"dca_prop_useful",0.888888888888889,0.888888888888889,0.0101010101010101,0.878787878787879,0.898989898989899,3
"1-3arc","0",4,"prevalence",0.200745811766015,0.2,0.00646081833792697,0.194690265486726,0.207547169811321,3
"1arc","0",1,"brier_class",0.146986103986052,0.14649641025641,0.024392206772271,0.108542823529412,0.189924129032258,13
"1arc","0",1,"brier_scaled",0.404608475398733,0.410526349206349,0.0993635064799574,0.220012444444444,0.564321166666667,13
"1arc","0",1,"cox_intercept",0.754625904498306,0.80279714252697,0.607846638388623,-0.284327425039577,1.64179742436493,13
"1arc","0",1,"cox_slope",0.88727947178004,0.776731919602392,0.377156049239149,0.376898669010531,1.72786027172384,13
"1arc","0",1,"dca_mean_excess_nb",0.163051242743535,0.165834140194144,0.0244223300433277,0.12019199620662,0.208351093194932,13
"1arc","0",1,"dca_nb_pt25",0.346433982315806,0.35,0.0545726110831567,0.277777777777778,0.431372549019608,13
"1arc","0",1,"dca_nb_pt50",0.28407826733425,0.294117647058824,0.053422679260444,0.170731707317073,0.352941176470588,13
"1arc","0",1,"dca_nb_pt75",0.257953639358793,0.256410256410256,0.0637441228926445,0.0975609756097561,0.323529411764706,13
"1arc","0",1,"dca_prop_useful",0.846153846153846,0.848484848484849,0.113769383137258,0.686868686868687,1,13
"1arc","0",1,"prevalence",0.497983610502613,0.514285714285714,0.0577671290797754,0.4,0.580645161290323,13
"1arc","0",1.25,"brier_class",0.165877398225198,0.171843891891892,0.0177292473345933,0.137656818181818,0.180294952380952,5
"1arc","0",1.25,"brier_scaled",0.327661098012981,0.312121964912281,0.0677115690229974,0.263795611111111,0.430547863247863,5
"1arc","0",1.25,"cox_intercept",1.0198442369604,0.61951878375624,0.781542256099998,0.393482627130639,2.28374207002298,5
"1arc","0",1.25,"cox_slope",0.603112408652498,0.551964020949816,0.247566650495165,0.33230581825782,1.00046299387096,5
"1arc","0",1.25,"dca_mean_excess_nb",0.134188969642301,0.146590622654919,0.0308762421846142,0.0793550196232599,0.1534134923799,5
"1arc","0",1.25,"dca_nb_pt25",0.283857283857284,0.273504273504274,0.0628482634668969,0.222222222222222,0.383838383838384,5
"1arc","0",1.25,"dca_nb_pt50",0.244363744363744,0.230769230769231,0.0432830663175079,0.19047619047619,0.303030303030303,5
"1arc","0",1.25,"dca_nb_pt75",0.244730044730045,0.256410256410256,0.0514448722199026,0.166666666666667,0.303030303030303,5
"1arc","0",1.25,"dca_prop_useful",0.739393939393939,0.707070707070707,0.0840268054266078,0.646464646464647,0.828282828282828,5
"1arc","0",1.25,"prevalence",0.466228366228366,0.461538461538462,0.0533664409507622,0.409090909090909,0.545454545454545,5
"1arc","0",1.5,"brier_class",0.135533623387762,0.140389674418605,0.0148777452587063,0.1188346,0.147376595744681,3
"1arc","0",1.5,"brier_scaled",0.43978207929409,0.423154426666667,0.0731947632244992,0.376331609195402,0.519860202020202,3
"1arc","0",1.5,"cox_intercept",1.07386188794072,0.268074519822011,1.78610360379935,-0.167384361685702,3.12089550568585,3
"1arc","0",1.5,"cox_slope",0.760717582922566,0.88072168839965,0.426900264168315,0.286658654201436,1.11477240616661,3
"1arc","0",1.5,"dca_mean_excess_nb",0.153713617935202,0.144359957790935,0.0166989678079145,0.143787800737784,0.172993095276886,3
"1arc","0",1.5,"dca_nb_pt25",0.284758645335093,0.302325581395349,0.0513310936196426,0.226950354609929,0.325,3
"1arc","0",1.5,"dca_nb_pt50",0.232937489691572,0.212765957446809,0.0595946089245355,0.186046511627907,0.3,3
"1arc","0",1.5,"dca_nb_pt75",0.230533564242124,0.232558139534884,0.00484934231543488,0.225,0.234042553191489,3
"1arc","0",1.5,"dca_prop_useful",0.902356902356902,0.94949494949495,0.0905342064629545,0.797979797979798,0.95959595959596,3
"1arc","0",1.5,"prevalence",0.417194458189015,0.418604651162791,0.0335328847893869,0.382978723404255,0.45,3
"1arc","0",1.75,"brier_class",0.134885639462219,0.129143833333333,0.0183063067370514,0.113725811320755,0.157731130434783,5
"1arc","0",1.75,"brier_scaled",0.423440946005291,0.448986311111111,0.0642513949410582,0.337779619047619,0.492927295238095,5
"1arc","0",1.75,"cox_intercept",1.43089601898393,0.832438529198401,1.28330670664613,0.395077394119215,3.53037962347913,5
"1arc","0",1.75,"cox_slope",0.542710149855454,0.550252031884337,0.239759350839599,0.235228371673476,0.819961305703923,5
"1arc","0",1.75,"dca_mean_excess_nb",0.13883712120451,0.144515654919226,0.011330036147891,0.125152478848502,0.148543731535612,5
"1arc","0",1.75,"dca_nb_pt25",0.230239373499833,0.237037037037037,0.0217723615192333,0.193333333333333,0.246376811594203,5
"1arc","0",1.75,"dca_nb_pt50",0.194855983957707,0.2,0.0224880676963535,0.169811320754717,0.222222222222222,5
"1arc","0",1.75,"dca_nb_pt75",0.196004466320299,0.208333333333333,0.0367411525743364,0.132075471698113,0.222222222222222,5
"1arc","0",1.75,"dca_prop_useful",0.886868686868687,0.898989898989899,0.0712103302303619,0.797979797979798,0.98989898989899,5
"1arc","0",1.75,"prevalence",0.373185397867104,0.375,0.024243170931731,0.339622641509434,0.4,5
"1arc","0",2,"brier_class",0.126417454176542,0.123795153846154,0.00760066635544949,0.120475137254902,0.134982071428571,3
"1arc","0",2,"brier_scaled",0.43554518351732,0.453035790849673,0.0481117215360427,0.381134830409357,0.472464929292929,3
"1arc","0",2,"cox_intercept",0.373977383682743,0.332879536569361,0.438243010355797,-0.0422690239486361,0.831321638427503,3
"1arc","0",2,"cox_slope",0.592805954032524,0.489386375600879,0.227617642788511,0.435259717274508,0.853771769222186,3
"1arc","0",2,"dca_mean_excess_nb",0.126640109972379,0.13289525020975,0.0170573102919993,0.107338277896631,0.139686801810755,3
"1arc","0",2,"dca_nb_pt25",0.210104982163806,0.205128205128205,0.0167295238168176,0.196428571428571,0.228758169934641,3
"1arc","0",2,"dca_nb_pt50",0.146277741865977,0.173076923076923,0.0493857028560278,0.0892857142857143,0.176470588235294,3
"1arc","0",2,"dca_nb_pt75",0.182449903038138,0.178571428571429,0.00860147600657483,0.176470588235294,0.192307692307692,3
"1arc","0",2,"dca_prop_useful",0.942760942760943,0.929292929292929,0.0324702045824678,0.919191919191919,0.97979797979798,3
"1arc","0",2,"prevalence",0.340174531351002,0.346153846153846,0.0165853918635397,0.321428571428571,0.352941176470588,3
"1arc","0",2.25,"brier_class",0.106447217880763,0.107020676923077,0.0181628457850853,0.08414,0.131392203389831,5
"1arc","0",2.25,"brier_scaled",0.486946557800778,0.479047267267267,0.0748161622252941,0.380248970189702,0.579797281323877,5
"1arc","0",2.25,"cox_intercept",1.00628476551011,1.22705676895422,0.597259708276819,-0.0469229401638559,1.39669808604784,5
"1arc","0",2.25,"cox_slope",0.725520309240333,0.815656935074985,0.489460790075009,0.230704842689706,1.43030503224745,5
"1arc","0",2.25,"dca_mean_excess_nb",0.114752256536757,0.127693645917582,0.0314480334804387,0.0598411379275505,0.137792236819545,5
"1arc","0",2.25,"dca_nb_pt25",0.183281453715776,0.182291666666667,0.0205576623516658,0.153846153846154,0.205128205128205,5
"1arc","0",2.25,"dca_nb_pt50",0.166440233495318,0.169230769230769,0.0195635783908692,0.138461538461538,0.186440677966102,5
"1arc","0",2.25,"dca_nb_pt75",0.149803988384497,0.153846153846154,0.0233580316479912,0.11864406779661,0.181818181818182,5
"1arc","0",2.25,"dca_prop_useful",0.898989898989899,0.909090909090909,0.0880585645159732,0.767676767676768,1,5
"1arc","0",2.25,"prevalence",0.293490725376319,0.28125,0.0222174158551794,0.276923076923077,0.327272727272727,5
"1arc","0",2.5,"brier_class",0.116100575291375,0.114567151515152,0.0134439290294655,0.103489107692308,0.130245466666667,3
"1arc","0",2.5,"brier_scaled",0.428446734155128,0.422390611111111,0.0519566967678001,0.379783492063492,0.48316609929078,3
"1arc","0",2.5,"cox_intercept",0.799469142551255,0.609164128351048,0.459152295753484,0.466067298520269,1.32317600078245,3
"1arc","0",2.5,"cox_slope",0.529204220306797,0.540195623896878,0.142531383235576,0.381495344043332,0.66592169298018,3
"1arc","0",2.5,"dca_mean_excess_nb",0.104028966152235,0.0983539073849821,0.0132151507474759,0.0945992427761896,0.119133748295534,3
"1arc","0",2.5,"dca_nb_pt25",0.162470862470862,0.166666666666667,0.00957415047921346,0.151515151515151,0.169230769230769,3
"1arc","0",2.5,"dca_nb_pt50",0.157342657342657,0.153846153846154,0.00815850815850816,0.151515151515151,0.166666666666667,3
"1arc","0",2.5,"dca_nb_pt75",0.114918414918415,0.1,0.0340174631703254,0.0909090909090909,0.153846153846154,3
"1arc","0",2.5,"dca_prop_useful",0.895622895622896,0.909090909090909,0.0324702045824679,0.858585858585859,0.919191919191919,3
"1arc","0",2.5,"prevalence",0.283216783216783,0.276923076923077,0.0146853146853147,0.272727272727273,0.3,3
"1arc","0",2.75,"brier_class",0.10156308646587,0.103664181818182,0.0179522366826564,0.0818699718309859,0.127703452054795,5
"1arc","0",2.75,"brier_scaled",0.463105384267411,0.47735975,0.104733827605764,0.312594246464646,0.567393576519916,5
"1arc","0",2.75,"cox_intercept",0.378843255976464,0.309217897578562,0.769678566490427,-0.520394018877147,1.60548214489635,5
"1arc","0",2.75,"cox_slope",0.832172073088418,0.479235159585053,0.59782921999861,0.351566660915044,1.73547812266475,5
"1arc","0",2.75,"dca_mean_excess_nb",0.0952348745020416,0.116629062800254,0.0375120999262704,0.0315949939079546,0.119610854062364,5
"1arc","0",2.75,"dca_nb_pt25",0.151446556003368,0.151515151515151,0.0295548947787249,0.114155251141553,0.186274509803922,5
"1arc","0",2.75,"dca_nb_pt50",0.128513246947082,0.140845070422535,0.0329449784823305,0.0921052631578947,0.166666666666667,5
"1arc","0",2.75,"dca_nb_pt75",0.119400424797654,0.131578947368421,0.0373347501282912,0.0547945205479452,0.151515151515152,5
"1arc","0",2.75,"dca_prop_useful",0.935353535353535,0.96969696969697,0.0764613772435376,0.818181818181818,1,5
"1arc","0",2.75,"prevalence",0.254874345913938,0.253521126760563,0.0142412470288895,0.236842105263158,0.272727272727273,5
"1arc","0",3,"brier_class",0.100170344681627,0.0988255342465753,0.022259022800274,0.0786142162162162,0.12307128358209,3
"1arc","0",3,"brier_scaled",0.471528153487254,0.468039119191919,0.099698278932094,0.373620190476191,0.572925150793651,3
"1arc","0",3,"cox_intercept",1.02158040772747,1.18611286705915,0.613778105226315,0.342304659858695,1.53632369626458,3
"1arc","0",3,"cox_slope",0.807934024721695,0.436014030821724,0.711784445336913,0.359154913670085,1.62863312967328,3
"1arc","0",3,"dca_mean_excess_nb",0.101722776126627,0.107010283721932,0.0160676210858195,0.0836777189773208,0.114480325680629,3
"1arc","0",3,"dca_nb_pt25",0.157131779090479,0.154228855721393,0.0217427692517577,0.136986301369863,0.18018018018018,3
"1arc","0",3,"dca_nb_pt50",0.130508140526542,0.135135135135135,0.00966178359908481,0.119402985074627,0.136986301369863,3
"1arc","0",3,"dca_nb_pt75",0.121028511643928,0.121621621621622,0.0162624585069786,0.104477611940299,0.136986301369863,3
"1arc","0",3,"dca_prop_useful",0.905723905723906,0.888888888888889,0.0870876576187041,0.828282828282828,1,3
"1arc","0",3,"prevalence",0.252825100708969,0.246575342465753,0.0138114359598799,0.243243243243243,0.26865671641791,3
"1arc","0",3.25,"brier_class",0.0893605934398297,0.0871459220779221,0.0185530775283883,0.0686046818181818,0.114226555555556,5
"1arc","0",3.25,"brier_scaled",0.504236625774908,0.513476297551789,0.0739665486248838,0.390791703703704,0.578353447619048,5
"1arc","0",3.25,"cox_intercept",1.02963536626384,1.21183892764698,0.645346472524754,0.0378256215629507,1.75651813613277,5
"1arc","0",3.25,"cox_slope",0.726164292092125,0.530653138995175,0.475907371633459,0.371555241299791,1.52228541632103,5
"1arc","0",3.25,"dca_mean_excess_nb",0.100470318663272,0.105762575103417,0.016044736923466,0.0734001959907772,0.114579121401805,5
"1arc","0",3.25,"dca_nb_pt25",0.147033928131489,0.142276422764228,0.0114215883641591,0.138888888888889,0.166666666666667,5
"1arc","0",3.25,"dca_nb_pt50",0.129942331699864,0.12987012987013,0.0122572880449408,0.113636363636364,0.147058823529412,5
"1arc","0",3.25,"dca_nb_pt75",0.105961490287172,0.109756097560976,0.0309713415912887,0.0555555555555556,0.132352941176471,5
"1arc","0",3.25,"dca_prop_useful",0.917171717171717,0.909090909090909,0.0545828528731568,0.848484848484849,0.98989898989899,5
"1arc","0",3.25,"prevalence",0.234505953157316,0.233766233766234,0.0238489656633994,0.204545454545455,0.264705882352941,5
"1arc","0",3.5,"brier_class",0.0963432330212235,0.0978193333333333,0.00544203918024311,0.0903154157303371,0.10089495,3
"1arc","0",3.5,"brier_scaled",0.436856739795043,0.440228162754304,0.014085983777726,0.421390967741936,0.448951088888889,3
"1arc","0",3.5,"cox_intercept",1.65565149767523,1.3931367137752,0.669554974784778,1.15713245672665,2.41668532252385,3
"1arc","0",3.5,"cox_slope",0.317855917701353,0.286009272984082,0.112482633459671,0.224730231604104,0.442828248515873,3
"1arc","0",3.5,"dca_mean_excess_nb",0.0805597611733777,0.0809019905245661,0.00775964204829655,0.0726346666150987,0.0881426263804684,3
"1arc","0",3.5,"dca_nb_pt25",0.124563446333109,0.120833333333333,0.0108172420024575,0.116104868913858,0.136752136752137,3
"1arc","0",3.5,"dca_nb_pt50",0.105924085278018,0.1125,0.0139626617639456,0.0898876404494382,0.115384615384615,3
"1arc","0",3.5,"dca_nb_pt75",0.0726915874387784,0.0769230769230769,0.00886839121275645,0.0625,0.0786516853932584,3
"1arc","0",3.5,"dca_prop_useful",0.888888888888889,0.888888888888889,0.0202020202020202,0.868686868686869,0.909090909090909,3
"1arc","0",3.5,"prevalence",0.219338807260156,0.225,0.0150802359204825,0.202247191011236,0.230769230769231,3
"1arc","0",3.75,"brier_class",0.0848636586160627,0.0843196144578313,0.00653237916098245,0.0765436049382716,0.0942150736842105,5
"1arc","0",3.75,"brier_scaled",0.483159060276535,0.500200830917874,0.0627214581021658,0.386514401154401,0.557140571428571,5
"1arc","0",3.75,"cox_intercept",0.510076581759488,0.44177954341794,0.397608551399994,0.0469024840919866,1.12986100685119,5
"1arc","0",3.75,"cox_slope",0.757618001163854,0.712240803121995,0.369342805024377,0.425614930458999,1.30491988624939,5
"1arc","0",3.75,"dca_mean_excess_nb",0.0841392474663787,0.0924879357880491,0.0169627402876774,0.0622810378871765,0.10274831896991,5
"1arc","0",3.75,"dca_nb_pt25",0.119801117939977,0.132530120481928,0.0269210674915358,0.0736842105263158,0.139917695473251,5
"1arc","0",3.75,"dca_nb_pt50",0.0998910314916991,0.0963855421686747,0.0188257348185389,0.0804597701149425,0.123456790123457,5
"1arc","0",3.75,"dca_nb_pt75",0.0954274205108395,0.103448275862069,0.0171484272255446,0.0736842105263158,0.111111111111111,5
"1arc","0",3.75,"dca_prop_useful",0.951515151515152,0.95959595959596,0.052680423476385,0.878787878787879,1,5
"1arc","0",3.75,"prevalence",0.208471295952109,0.206896551724138,0.0125045251864712,0.189473684210526,0.222222222222222,5
"1arc","0",4,"brier_class",0.0724106431354215,0.0704804347826087,0.00342969235874767,0.070381,0.0763704946236559,3
"1arc","0",4,"brier_scaled",0.548280518423878,0.552142342342342,0.0357865289741478,0.510719697777778,0.581979515151515,3
"1arc","0",4,"cox_intercept",0.640116206112194,0.532246327359786,0.378847927201257,0.326901558959767,1.06120073201703,3
"1arc","0",4,"cox_slope",1.24519444960733,1.18737227794019,0.647517711912141,0.628527008391166,1.91968406249064,3
"1arc","0",4,"dca_mean_excess_nb",0.0944927199810661,0.0909992507460862,0.00709158442408048,0.0898256161088491,0.102653293088263,3
"1arc","0",4,"dca_nb_pt25",0.140862812321438,0.134057971014493,0.0231636273142978,0.121863799283154,0.166666666666667,3
"1arc","0",4,"dca_nb_pt50",0.0969968164919077,0.0978260869565217,0.0105850669454098,0.0860215053763441,0.107142857142857,3
"1arc","0",4,"dca_nb_pt75",0.10416527527327,0.107142857142857,0.0054932549645397,0.0978260869565217,0.10752688172043,3
"1arc","0",4,"dca_prop_useful",0.986531986531986,1,0.0233272836036213,0.95959595959596,1,3
"1arc","0",4,"prevalence",0.201162091765177,0.195652173913043,0.0114139642888979,0.193548387096774,0.214285714285714,3
"3arc","0",1,"brier_class",0.0887331175645864,0.0911452857142857,0.0224162162943616,0.0504241481481481,0.131588142857143,13
"3arc","0",1,"brier_scaled",0.641316829353054,0.63354921025641,0.0911025821565498,0.470948184615385,0.7957822,13
"3arc","0",1,"cox_intercept",-0.83558237723887,-0.806965871052356,0.307823870720498,-1.18533036295911,-0.193730075458863,13
"3arc","0",1,"cox_slope",2.48230169536518,2.07646350599238,1.53908224853679,1.23206928842326,7.33594077475245,13
"3arc","0",1,"dca_mean_excess_nb",0.239237382441202,0.238410835528641,0.025821461758175,0.190230774132748,0.280747154103788,13
"3arc","0",1,"dca_nb_pt25",0.40560069813366,0.416666666666667,0.0614969594039425,0.287037037037037,0.5,13
"3arc","0",1,"dca_nb_pt50",0.411906993727481,0.433333333333333,0.0846273037121719,0.25,0.518518518518519,13
"3arc","0",1,"dca_nb_pt75",0.413501389959301,0.40625,0.0508760664573525,0.344827586206897,0.5,13
"3arc","0",1,"dca_prop_useful",0.909090909090909,0.909090909090909,0.0642824346533225,0.767676767676768,0.98989898989899,13
"3arc","0",1,"prevalence",0.5114701978341,0.535714285714286,0.0508569844073615,0.416666666666667,0.576923076923077,13
"3arc","0",1.25,"brier_class",0.114440320178746,0.0984997142857143,0.0341037741228731,0.0854513548387097,0.163068666666667,5
"3arc","0",1.25,"brier_scaled",0.537049626703297,0.603980635897436,0.143464963321035,0.329088914285714,0.657838533333333,5
"3arc","0",1.25,"cox_intercept",-1.13519277463307,-1.00466857531714,0.44771729436537,-1.90817886899877,-0.74535949058758,5
"3arc","0",1.25,"cox_slope",1.46018997594448,1.59764200638303,0.350020630901765,0.95217513853502,1.7966563082406,5
"3arc","0",1.25,"dca_mean_excess_nb",0.196050817420273,0.225550097241686,0.070863456363627,0.0774859855304649,0.247616089597114,5
"3arc","0",1.25,"dca_nb_pt25",0.346048037983522,0.354838709677419,0.0708167957458668,0.262626262626263,0.452380952380952,5
"3arc","0",1.25,"dca_nb_pt50",0.321475119862217,0.354838709677419,0.099089333056699,0.194444444444444,0.428571428571429,5
"3arc","0",1.25,"dca_nb_pt75",0.300786668528604,0.363636363636364,0.201384400336573,-0.0555555555555556,0.419354838709677,5
"3arc","0",1.25,"dca_prop_useful",0.828282828282828,0.797979797979798,0.100249662834743,0.727272727272727,0.939393939393939,5
"3arc","0",1.25,"prevalence",0.474933668482056,0.483870967741935,0.0437742984961819,0.416666666666667,0.535714285714286,5
"3arc","0",1.5,"brier_class",0.085143595768893,0.0718230344827586,0.0274844619701578,0.0668575813953488,0.116750171428571,3
"3arc","0",1.5,"brier_scaled",0.647101146031746,0.705667457142857,0.10729308872513,0.523270133333333,0.712365847619048,3
"3arc","0",1.5,"cox_intercept",-0.903690782269486,-0.694051121943499,0.401347663088996,-1.36644685854455,-0.650574366320408,3
"3arc","0",1.5,"cox_slope",1.9544480732103,2.12966697031377,0.555402791638166,1.33256714447938,2.40111010483774,3
"3arc","0",1.5,"dca_mean_excess_nb",0.211939223903276,0.196728888069017,0.0408646045629895,0.18086105989377,0.258227723747042,3
"3arc","0",1.5,"dca_nb_pt25",0.341296572090477,0.323809523809524,0.110770143313204,0.24031007751938,0.459770114942529,3
"3arc","0",1.5,"dca_nb_pt50",0.311154389582617,0.325581395348837,0.0763980306686902,0.228571428571429,0.379310344827586,3
"3arc","0",1.5,"dca_nb_pt75",0.337686638408371,0.285714285714286,0.0958306824464794,0.27906976744186,0.448275862068966,3
"3arc","0",1.5,"dca_prop_useful",0.95959595959596,0.96969696969697,0.0174954627027159,0.939393939393939,0.96969696969697,3
"3arc","0",1.5,"prevalence",0.431550005728033,0.428571428571429,0.0842415874757287,0.348837209302326,0.517241379310345,3
"3arc","0",1.75,"brier_class",0.0743502435427645,0.0645406363636364,0.0221376964989233,0.0559251282051282,0.111886926829268,5
"3arc","0",1.75,"brier_scaled",0.682151704715335,0.712757075862069,0.0965050907434059,0.517738656410256,0.763716333333333,5
"3arc","0",1.75,"cox_intercept",-0.840184446086592,-0.788073062141634,0.401090573834974,-1.48942249921041,-0.494513037099911,5
"3arc","0",1.75,"cox_slope",1.99426340737794,2.08022943404984,0.282950718309417,1.60342780094608,2.25073134549038,5
"3arc","0",1.75,"dca_mean_excess_nb",0.204087301633564,0.215946767505495,0.0255395075187882,0.161272458187874,0.222335919344117,5
"3arc","0",1.75,"dca_nb_pt25",0.272838885547486,0.271929824561403,0.0300975818514649,0.242424242424242,0.307692307692308,5
"3arc","0",1.75,"dca_nb_pt50",0.302341774613918,0.333333333333333,0.0694283659016668,0.195121951219512,0.368421052631579,5
"3arc","0",1.75,"dca_nb_pt75",0.291482864589411,0.315789473684211,0.0698239150436711,0.170731707317073,0.342105263157895,5
"3arc","0",1.75,"dca_prop_useful",0.943434343434343,0.94949494949495,0.0221302043436431,0.909090909090909,0.96969696969697,5
"3arc","0",1.75,"prevalence",0.376170363654317,0.384615384615385,0.0229702981220925,0.340909090909091,0.394736842105263,5
"3arc","0",2,"brier_class",0.070452305125486,0.0612164,0.0210137056651948,0.0556383414634146,0.0945021739130435,3
"3arc","0",2,"brier_scaled",0.689652936597739,0.738810026666667,0.104202897947563,0.569964301075269,0.760184482051282,3
"3arc","0",2,"cox_intercept",-0.865075569228683,-0.821063832842227,0.171924133262654,-1.05472729300236,-0.71943558184146,3
"3arc","0",2,"cox_slope",1.84797489202457,1.73994901604394,0.500179605114831,1.41063516139305,2.39334049863671,3
"3arc","0",2,"dca_mean_excess_nb",0.203625702150616,0.223142352948046,0.0369918595143861,0.160962621372618,0.226772132131185,3
"3arc","0",2,"dca_nb_pt25",0.264967008365736,0.276422764227642,0.0500865901716194,0.210144927536232,0.308333333333333,3
"3arc","0",2,"dca_nb_pt50",0.286488158359844,0.317073170731707,0.059970743544922,0.217391304347826,0.325,3
"3arc","0",2,"dca_nb_pt75",0.308227288794627,0.317073170731707,0.0225375884138272,0.282608695652174,0.325,3
"3arc","0",2,"dca_prop_useful",0.973063973063973,0.98989898989899,0.0291591045045266,0.939393939393939,0.98989898989899,3
"3arc","0",2,"prevalence",0.355646871686108,0.365853658536585,0.0260049097082621,0.326086956521739,0.375,3
"3arc","0",2.25,"brier_class",0.0606672263030303,0.0544566956521739,0.0198190026385016,0.0432013043478261,0.0918378333333333,5
"3arc","0",2.25,"brier_scaled",0.713426678533724,0.752192756989247,0.0959055658478761,0.57253663030303,0.803410838709677,5
"3arc","0",2.25,"cox_intercept",-0.822287621529358,-0.624220747050951,0.413724317425595,-1.33939636337759,-0.382435132883472,5
"3arc","0",2.25,"cox_slope",2.4131539538478,2.01064612191756,1.58945268827015,1.10794836563481,5.14469413593057,5
"3arc","0",2.25,"dca_mean_excess_nb",0.180221892299813,0.191176671794223,0.0277161005150605,0.144442816797731,0.209602528378168,5
"3arc","0",2.25,"dca_nb_pt25",0.239018664909969,0.253333333333333,0.0442501611066622,0.175757575757576,0.289855072463768,5
"3arc","0",2.25,"dca_nb_pt50",0.24236231884058,0.26,0.0361452442369585,0.2,0.282608695652174,5
"3arc","0",2.25,"dca_nb_pt75",0.237120553359684,0.24,0.0299962271813041,0.1875,0.260869565217391,5
"3arc","0",2.25,"dca_prop_useful",0.991919191919192,1,0.0131701058690962,0.96969696969697,1,5
"3arc","0",2.25,"prevalence",0.30748023715415,0.3125,0.022256125643377,0.272727272727273,0.326086956521739,5
"3arc","0",2.5,"brier_class",0.0742717970695971,0.0756816,0.00614924398966421,0.0675400769230769,0.0795937142857143,3
"3arc","0",2.5,"brier_scaled",0.634896024509527,0.639611428571428,0.0386180748216932,0.594136767479675,0.670939877477477,3
"3arc","0",2.5,"cox_intercept",-1.20951806536418,-1.21868184432307,0.20060558255709,-1.40538471945506,-1.00448763231441,3
"3arc","0",2.5,"cox_slope",1.74456678108859,1.62884592154079,0.312814137380017,1.506101045052,2.09875337667297,3
"3arc","0",2.5,"dca_mean_excess_nb",0.164416623593894,0.174380882813406,0.018730587177266,0.142810112802875,0.176058875165402,3
"3arc","0",2.5,"dca_nb_pt25",0.165873015873016,0.166666666666667,0.0345306506631859,0.130952380952381,0.2,3
"3arc","0",2.5,"dca_nb_pt50",0.221227106227106,0.22,0.0103568635129107,0.211538461538462,0.232142857142857,3
"3arc","0",2.5,"dca_nb_pt75",0.241428571428571,0.25,0.024032291201801,0.214285714285714,0.26,3
"3arc","0",2.5,"dca_prop_useful",0.98989898989899,0.98989898989899,0.0101010101010101,0.97979797979798,1,3
"3arc","0",2.5,"prevalence",0.28543956043956,0.288461538461538,0.0162831225414697,0.267857142857143,0.3,3
"3arc","0",2.75,"brier_class",0.0581856886330619,0.0496286428571429,0.0163492066853968,0.0445056,0.0842127457627119,5
"3arc","0",2.75,"brier_scaled",0.701739538242544,0.746934269918699,0.086864198507076,0.555841563636364,0.7626368,5
"3arc","0",2.75,"cox_intercept",-0.970534114781916,-0.939810927887119,0.325194698419839,-1.49268339617405,-0.627953869937212,5
"3arc","0",2.75,"cox_slope",1.80178954089721,1.7164042144221,0.58661383431881,1.16287114736428,2.56582640968437,5
"3arc","0",2.75,"dca_mean_excess_nb",0.156839287162566,0.163798586955304,0.0222189508141526,0.118626343515607,0.176598256346376,5
"3arc","0",2.75,"dca_nb_pt25",0.202801699242377,0.211111111111111,0.0258180300986324,0.15819209039548,0.224358974358974,5
"3arc","0",2.75,"dca_nb_pt50",0.205511578816664,0.2,0.0187221816936123,0.186440677966102,0.232142857142857,5
"3arc","0",2.75,"dca_nb_pt75",0.183051270763135,0.196428571428571,0.0570293943657711,0.101694915254237,0.236363636363636,5
"3arc","0",2.75,"dca_prop_useful",0.987878787878788,0.98989898989899,0.0110651021718215,0.96969696969697,1,5
"3arc","0",2.75,"prevalence",0.266656648436309,0.267857142857143,0.015373933642359,0.25,0.288461538461538,5
"3arc","0",3,"brier_class",0.067372429769392,0.0645087142857143,0.0104537783306736,0.0586489523809524,0.0789596226415094,3
"3arc","0",3,"brier_scaled",0.652879030616175,0.671058003252033,0.0364801275415711,0.610881438596491,0.67669765,3
"3arc","0",3,"cox_intercept",-1.1356714425092,-1.1516545436794,0.119609723291889,-1.2464859997793,-1.00887378406891,3
"3arc","0",3,"cox_slope",1.95118348598349,2.08992626708994,0.493484197844646,1.40317916296478,2.36044502789575,3
"3arc","0",3,"dca_mean_excess_nb",0.150626135897707,0.151263309876719,0.00617574261872927,0.144156508030176,0.156458589786227,3
"3arc","0",3,"dca_nb_pt25",0.174449269575056,0.18452380952381,0.033019406340928,0.137566137566138,0.20125786163522,3
"3arc","0",3,"dca_nb_pt50",0.184236797444345,0.206349206349206,0.0453469951293348,0.132075471698113,0.214285714285714,3
"3arc","0",3,"dca_nb_pt75",0.1925351901767,0.19047619047619,0.0328987640091662,0.160714285714286,0.226415094339623,3
"3arc","0",3,"dca_prop_useful",0.996632996632997,1,0.00583182090090528,0.98989898989899,1,3
"3arc","0",3,"prevalence",0.262990416292303,0.267857142857143,0.0228538158707132,0.238095238095238,0.283018867924528,3
"3arc","0",3.25,"brier_class",0.0697178463881963,0.0550427826086957,0.045105561334331,0.0355026666666667,0.147518,5
"3arc","0",3.25,"brier_scaled",0.621034923112254,0.676470755555556,0.247499908502621,0.195660720567376,0.828995488888889,5
"3arc","0",3.25,"cox_intercept",-1.06838125216808,-1.15335132103272,0.539945960386603,-1.74048100154871,-0.239005271064554,5
"3arc","0",3.25,"cox_slope",1.51887307357646,1.44563619799204,0.392620853915991,1.06409143753084,2.11439242704583,5
"3arc","0",3.25,"dca_mean_excess_nb",0.136072866789491,0.139972184553529,0.0481955434629402,0.0606033036395184,0.193708361093956,5
"3arc","0",3.25,"dca_nb_pt25",0.170207431039051,0.164179104477612,0.0679625762129443,0.0806451612903226,0.261437908496732,5
"3arc","0",3.25,"dca_nb_pt50",0.140997613766175,0.175438596491228,0.147794761594488,-0.112903225806452,0.274509803921569,5
"3arc","0",3.25,"dca_nb_pt75",0.169577881006476,0.157894736842105,0.0408479733629864,0.130434782608696,0.235294117647059,5
"3arc","0",3.25,"dca_prop_useful",0.955555555555556,0.98989898989899,0.0828652295030048,0.808080808080808,1,5
"3arc","0",3.25,"prevalence",0.248096585405877,0.241935483870968,0.0312728664546256,0.217391304347826,0.294117647058824,5
"3arc","0",3.5,"brier_class",0.0568961961834734,0.0488004117647059,0.0222684910910951,0.0398081142857143,0.0820800625,3
"3arc","0",3.5,"brier_scaled",0.674102888657075,0.716159617610063,0.116337803543507,0.542585121088435,0.763563927272727,3
"3arc","0",3.5,"cox_intercept",-1.07565839614299,-0.889786203795488,0.486267403959228,-1.62744592168925,-0.709743062944233,3
"3arc","0",3.5,"cox_slope",1.60071102604539,1.65293810221335,0.505841201238343,1.07078247205134,2.07841250387147,3
"3arc","0",3.5,"dca_mean_excess_nb",0.131859976288337,0.133186341065722,0.0157150059448715,0.115523824200021,0.146869763599269,3
"3arc","0",3.5,"dca_nb_pt25",0.14921218487395,0.156862745098039,0.0315080674837718,0.114583333333333,0.176190476190476,3
"3arc","0",3.5,"dca_nb_pt50",0.17311799719888,0.171875,0.0120230767717273,0.161764705882353,0.185714285714286,3
"3arc","0",3.5,"dca_nb_pt75",0.163147759103641,0.161764705882353,0.00768322099205461,0.15625,0.171428571428571,3
"3arc","0",3.5,"dca_prop_useful",0.986531986531987,0.98989898989899,0.00583182090090535,0.97979797979798,0.98989898989899,3
"3arc","0",3.5,"prevalence",0.223082983193277,0.220588235294118,0.0102743698316647,0.214285714285714,0.234375,3
"3arc","0",3.75,"brier_class",0.0499307111096419,0.0478427605633803,0.0059920786310322,0.0433429850746269,0.0594067777777778,5
"3arc","0",3.75,"brier_scaled",0.692494787726528,0.6890194625,0.0420468528786846,0.63980732631579,0.750555564102564,5
"3arc","0",3.75,"cox_intercept",-1.10366968954418,-1.05972058221065,0.236901778686715,-1.47654845009077,-0.887457118264626,5
"3arc","0",3.75,"cox_slope",1.70545917257987,1.75873800030416,0.464920023942329,1.20653406172762,2.39183085951493,5
"3arc","0",3.75,"dca_mean_excess_nb",0.125201060975507,0.118156523607814,0.0158089627295193,0.109334896251417,0.147224783355113,5
"3arc","0",3.75,"dca_nb_pt25",0.1405970171618,0.134259259259259,0.0147497589677016,0.128205128205128,0.164179104477612,5
"3arc","0",3.75,"dca_nb_pt50",0.167298394837757,0.153846153846154,0.0243269174624749,0.151898734177215,0.208955223880597,5
"3arc","0",3.75,"dca_nb_pt75",0.136930147594379,0.151898734177215,0.0376282494593916,0.0833333333333333,0.17910447761194,5
"3arc","0",3.75,"dca_prop_useful",0.98989898989899,0.98989898989899,0.0123711603170867,0.96969696969697,1,5
"3arc","0",3.75,"prevalence",0.205132529202255,0.208333333333333,0.0141128601031879,0.189873417721519,0.223880597014925,5
"3arc","0",4,"brier_class",0.0466591759619623,0.0419355443037975,0.0115466455993614,0.0382232835820896,0.0598187,3
"3arc","0",4,"brier_scaled",0.704913099893162,0.727375279166667,0.0885024197783195,0.607343917948718,0.780020102564103,3
"3arc","0",4,"cox_intercept",-0.972856645395007,-0.90426969492623,0.223063472711027,-1.22215985419266,-0.792140387066126,3
"3arc","0",4,"cox_slope",1.98479431474561,1.84895751666552,0.876053274005411,1.18459370575098,2.92083172182034,3
"3arc","0",4,"dca_mean_excess_nb",0.125942547088168,0.117800629455847,0.0246419269172651,0.106401931514906,0.15362508029375,3
"3arc","0",4,"dca_nb_pt25",0.15704651846254,0.168776371308017,0.0440359553093696,0.108333333333333,0.194029850746269,3
"3arc","0",4,"dca_nb_pt50",0.156923452358461,0.139240506329114,0.0321468651901931,0.1375,0.194029850746269,3
"3arc","0",4,"dca_nb_pt75",0.147834403929718,0.151898734177215,0.0334877320038309,0.1125,0.17910447761194,3
"3arc","0",4,"dca_prop_useful",0.993265993265993,0.98989898989899,0.00583182090090528,0.98989898989899,1,3
"3arc","0",4,"prevalence",0.200418004912148,0.189873417721519,0.0203538251701292,0.1875,0.223880597014925,3
"1-3arc","1",1,"brier_class",0.394278241860489,0.390361737931034,0.0250479865142434,0.350556289156627,0.430315357564301,13
"1-3arc","1",1,"brier_scaled",-0.583461624594769,-0.562115633802817,0.0965888418822099,-0.73119713465721,-0.432161468346924,13
"1-3arc","1",1,"cox_intercept",4.20120600970893,4.11120086554984,0.772934067196239,3.30143162342738,6.20550083414809,13
"1-3arc","1",1,"cox_slope",-0.0181914353862868,-0.014949181785739,0.0497708607166747,-0.114551817145968,0.0611547217812235,13
"1-3arc","1",1,"dca_mean_excess_nb",-0.0684472524402929,-0.0677129597443318,0.0167594003301736,-0.0935553784147275,-0.0420973516887608,13
"1-3arc","1",1,"dca_nb_pt25",0.0862729280524114,0.0876068376068376,0.00886503919676241,0.0682730923694779,0.0984848484848485,13
"1-3arc","1",1,"dca_nb_pt50",0.0793743931215509,0.0769230769230769,0.00829601198806977,0.0689655172413793,0.0984848484848485,13
"1-3arc","1",1,"dca_nb_pt75",0.0596527104118274,0.0604026845637584,0.00733623272547243,0.0486111111111111,0.0718954248366013,13
"1-3arc","1",1,"dca_prop_useful",0.556332556332556,0.555555555555556,0.0312591960992874,0.505050505050505,0.616161616161616,13
"1-3arc","1",1,"prevalence",0.48896585320378,0.489655172413793,0.0315174320826148,0.427710843373494,0.537878787878788,13
"1-3arc","1",2,"brier_class",0.28313157169906,0.284623246376812,0.00531085873288874,0.277234384976526,0.287537083743842,3
"1-3arc","1",2,"brier_scaled",-0.25829845952901,-0.263030393951947,0.00932632102533438,-0.264310252240717,-0.247554732394366,3
"1-3arc","1",2,"cox_intercept",3.39449342852154,3.49432473971725,0.293917239185976,3.06366386178824,3.62549168405914,3
"1-3arc","1",2,"cox_slope",0.0465430907349403,0.0810694582020439,0.0642288289154923,-0.0275645291907357,0.0861243431935127,3
"1-3arc","1",2,"dca_mean_excess_nb",-0.0192725966883112,-0.0201064924572035,0.00158209167218127,-0.0202632984208339,-0.017447999186896,3
"1-3arc","1",2,"dca_nb_pt25",0.0652994912484886,0.0644122383252818,0.00175725974428515,0.0641627543035994,0.0673234811165846,3
"1-3arc","1",2,"dca_nb_pt50",0.0465172064090915,0.0492610837438424,0.00691879130577781,0.0386473429951691,0.0516431924882629,3
"1-3arc","1",2,"dca_nb_pt75",0.0337210111689069,0.0338164251207729,0.000813661070229243,0.0328638497652582,0.0344827586206897,3
"1-3arc","1",2,"dca_prop_useful",0.7003367003367,0.696969696969697,0.00583182090090528,0.696969696969697,0.707070707070707,3
"1-3arc","1",2,"prevalence",0.342027398998913,0.342995169082126,0.0082528479980395,0.333333333333333,0.349753694581281,3
"1-3arc","1",3,"brier_class",0.214556259055237,0.215763514285714,0.00503217836712026,0.209030262068966,0.21887500081103,3
"1-3arc","1",3,"brier_scaled",-0.136881018130118,-0.139959533661298,0.00545413967240429,-0.140099879337326,-0.130583641391729,3
"1-3arc","1",3,"cox_intercept",2.8699454160914,3.12809536652901,0.496014923541134,2.29809537755905,3.18364550418614,3
"1-3arc","1",3,"cox_slope",-0.0415203621545599,-0.025393908258611,0.0336946232542746,-0.0802475867186946,-0.018919591486374,3
"1-3arc","1",3,"dca_mean_excess_nb",-0.00416469774082403,-0.00393596417663271,0.00124125807410051,-0.00550441440110916,-0.00305371464473021,3
"1-3arc","1",3,"dca_nb_pt25",0.0431363089744665,0.0416666666666667,0.00495685473522135,0.0390804597701149,0.048661800486618,3
"1-3arc","1",3,"dca_nb_pt50",0.0296420481104599,0.0291970802919708,0.00231068445193345,0.0275862068965517,0.0321428571428571,3
"1-3arc","1",3,"dca_nb_pt75",0.0224881042273441,0.0218978102189781,0.00144792701154809,0.0214285714285714,0.0241379310344828,3
"1-3arc","1",3,"dca_prop_useful",0.774410774410774,0.777777777777778,0.0154295477944641,0.757575757575758,0.787878787878788,3
"1-3arc","1",3,"prevalence",0.252507700789855,0.253571428571429,0.0072073660620998,0.244827586206897,0.259124087591241,3
"1-3arc","1",3.95750708215297,"brier_class",0.174358949229814,0.173240801396011,0.00201562098402659,0.17315024572363,0.176685800569801,3
"1-3arc","1",3.95750708215297,"brier_scaled",-0.0805431038260718,-0.073613680723843,0.0124912736847616,-0.0949631446680081,-0.0730524860863644,3
"1-3arc","1",3.95750708215297,"cox_intercept",2.48811979076766,2.10312684741455,0.712132815168608,2.05135600498615,3.30987651990229,3
"1-3arc","1",3.95750708215297,"cox_slope",-0.0842902182389634,-0.116162051339489,0.05568624182399,-0.116718515934247,-0.0199900874431547,3
"1-3arc","1",3.95750708215297,"dca_mean_excess_nb",0.000435522238527791,0.000847574430916264,0.000965221323411249,-0.000667338260568482,0.00112633054523559,3
"1-3arc","1",3.95750708215297,"dca_nb_pt25",0.0300728078505856,0.0332383665716999,0.00632319859304785,0.0227920227920228,0.0341880341880342,3
"1-3arc","1",3.95750708215297,"dca_nb_pt50",0.0227920227920228,0.0227920227920228,2.4532694666934e-18,0.0227920227920228,0.0227920227920228,3
"1-3arc","1",3.95750708215297,"dca_nb_pt75",0.0170940170940171,0.0170940170940171,0,0.0170940170940171,0.0170940170940171,3
"1-3arc","1",3.95750708215297,"dca_prop_useful",0.794612794612795,0.777777777777778,0.0291591045045266,0.777777777777778,0.828282828282828,3
"1-3arc","1",3.95750708215297,"prevalence",0.202279202279202,0.202279202279202,0,0.202279202279202,0.202279202279202,3
"1arc","1",1,"brier_class",0.121757069294797,0.11991947107438,0.0332258440060029,0.0520430620300752,0.1711291,13
"1arc","1",1,"brier_scaled",0.512403050829143,0.520027070530344,0.132908302995169,0.314722180200222,0.790870121706043,13
"1arc","1",1,"cox_intercept",1.10461904008562,1.22354232312529,0.336487544675271,0.205831411140761,1.44880863883537,13
"1arc","1",1,"cox_slope",2.25651247046355,2.23269352892254,0.28077644614331,1.75385976537864,2.67512593683234,13
"1arc","1",1,"dca_mean_excess_nb",0.131022076874729,0.125092372615057,0.042632884623714,0.0774502828790309,0.231128337474704,13
"1arc","1",1,"dca_nb_pt25",0.444278575827342,0.451443569553806,0.024917691949254,0.388888888888889,0.473829201101928,13
"1arc","1",1,"dca_nb_pt50",0.343045413701728,0.352459016393443,0.0761594192941312,0.245901639344262,0.462809917355372,13
"1arc","1",1,"dca_nb_pt75",0.12327186989992,0.0866141732283465,0.105027611064748,0.0151515151515152,0.383458646616541,13
"1arc","1",1,"dca_prop_useful",0.886557886557887,0.898989898989899,0.0581947128074863,0.767676767676768,0.98989898989899,13
"1arc","1",1,"prevalence",0.500977436432891,0.504065040650406,0.0188663049407737,0.466165413533835,0.53448275862069,13
"1arc","1",1.25,"brier_class",0.127104118401612,0.121987025462963,0.0175603885814817,0.108989128710543,0.14797613986014,5
"1arc","1",1.25,"brier_scaled",0.484850788954849,0.506977734949774,0.0722833487453026,0.397458366387893,0.556208942054582,5
"1arc","1",1.25,"cox_intercept",1.07039568961465,1.00851185352729,0.148300917202677,0.918572026468191,1.30016038863071,5
"1arc","1",1.25,"cox_slope",2.44264572734282,2.6155925039495,0.323744068138521,2.00629198255579,2.77367425995832,5
"1arc","1",1.25,"dca_mean_excess_nb",0.109820442288247,0.113538852355452,0.014082013977976,0.0946925003888135,0.123668810751621,5
"1arc","1",1.25,"dca_nb_pt25",0.390788440775462,0.407925407925408,0.0410105349614189,0.328671328671329,0.435323383084577,5
"1arc","1",1.25,"dca_nb_pt50",0.269941602848806,0.282608695652174,0.0398145639160289,0.223776223776224,0.32089552238806,5
"1arc","1",1.25,"dca_nb_pt75",0.0542243026279366,0.05,0.0116744767674012,0.0434782608695652,0.0699300699300699,5
"1arc","1",1.25,"dca_prop_useful",0.854545454545455,0.848484848484849,0.0560583310121681,0.787878787878788,0.939393939393939,5
"1arc","1",1.25,"prevalence",0.444390387894606,0.442857142857143,0.0121991799512448,0.433566433566434,0.462686567164179,5
"1arc","1",1.5,"brier_class",0.122952867172166,0.122984944099379,0.00819039415902961,0.114746481659544,0.131127175757576,3
"1arc","1",1.5,"brier_scaled",0.480819062236585,0.480630052785924,0.0399394833470078,0.440974419041654,0.520852714882178,3
"1arc","1",1.5,"cox_intercept",1.17313085456762,1.19457564711232,0.116762006171,1.04713288959308,1.27768402699745,3
"1arc","1",1.5,"cox_slope",2.38253561992764,2.43917408370222,0.228857515383039,2.13067707234121,2.57775570373949,3
"1arc","1",1.5,"dca_mean_excess_nb",0.0993690875607638,0.100744549071295,0.00829701900455974,0.0904702908828053,0.106892422728191,3
"1arc","1",1.5,"dca_nb_pt25",0.336737014997885,0.325051759834369,0.0349843416667626,0.309090909090909,0.376068376068376,3
"1arc","1",1.5,"dca_nb_pt50",0.18915794350577,0.198717948717949,0.0280517790108188,0.157575757575758,0.211180124223602,3
"1arc","1",1.5,"dca_nb_pt75",0.0351771416988808,0.032051282051282,0.00629587545465532,0.031055900621118,0.0424242424242424,3
"1arc","1",1.5,"dca_prop_useful",0.848484848484849,0.838383838383838,0.0562400440689901,0.797979797979798,0.909090909090909,3
"1arc","1",1.5,"prevalence",0.386095546965112,0.385093167701863,0.0108738668760355,0.375757575757576,0.397435897435897,3
"1arc","1",1.75,"brier_class",0.131760973991653,0.125770341463415,0.011188152919318,0.121902716049383,0.149496189349112,5
"1arc","1",1.75,"brier_scaled",0.437238260491244,0.457249814814815,0.0502257983454797,0.356382173047935,0.4839976,5
"1arc","1",1.75,"cox_intercept",1.30621533655374,1.30701408079526,0.145408048658873,1.16744786306362,1.52109178105544,5
"1arc","1",1.75,"cox_slope",2.15414973635207,2.26076525248341,0.310164089269685,1.65366411509097,2.40625081990443,5
"1arc","1",1.75,"dca_mean_excess_nb",0.0860079195881512,0.0901621242768941,0.0130427260877583,0.0652399690370861,0.0982359945983709,5
"1arc","1",1.75,"dca_nb_pt25",0.306961734608477,0.298568507157464,0.0158649258345774,0.291913214990138,0.32520325203252,5
"1arc","1",1.75,"dca_nb_pt50",0.153711867829684,0.164705882352941,0.0393544767747235,0.0946745562130177,0.189024390243902,5
"1arc","1",1.75,"dca_nb_pt75",0.0230527269076917,0.0235294117647059,0.0146329015806311,0.00591715976331361,0.0426829268292683,5
"1arc","1",1.75,"dca_prop_useful",0.814141414141414,0.838383838383838,0.0527771736469218,0.757575757575758,0.868686868686869,5
"1arc","1",1.75,"prevalence",0.374540543141683,0.378048780487805,0.00819692549147265,0.364705882352941,0.382716049382716,5
"1arc","1",2,"brier_class",0.119115110933847,0.122751966848686,0.00633810534910957,0.111796543095712,0.122796822857143,3
"1arc","1",2,"brier_scaled",0.463659376754399,0.463223993719669,0.033040639290695,0.430838580474233,0.496915556069295,3
"1arc","1",2,"cox_intercept",1.06656778559704,1.09586019837617,0.112418369460497,0.942402833289989,1.16144032512497,3
"1arc","1",2,"cox_slope",2.48949266978131,2.90833845506216,0.802750505502065,1.56394511606701,2.99619443821476,3
"1arc","1",2,"dca_mean_excess_nb",0.0832736173217997,0.0855380652738091,0.00949393949467333,0.0728522010379031,0.0914305856536869,3
"1arc","1",2,"dca_nb_pt25",0.278018892363088,0.276190476190476,0.0150572012025647,0.263959390862944,0.293906810035842,3
"1arc","1",2,"dca_nb_pt50",0.145285321813896,0.155913978494624,0.0494644169967917,0.0913705583756345,0.188571428571429,3
"1arc","1",2,"dca_nb_pt75",0.0126951897510273,0.0152284263959391,0.0116372338131663,0,0.0228571428571429,3
"1arc","1",2,"dca_prop_useful",0.777777777777778,0.787878787878788,0.0863030681345205,0.686868686868687,0.858585858585859,3
"1arc","1",2,"prevalence",0.334113286600596,0.333333333333333,0.0197939792595829,0.314720812182741,0.354285714285714,3
"1arc","1",2.25,"brier_class",0.110317286293297,0.109383313131313,0.00332043675810938,0.106800830655271,0.115290772103567,5
"1arc","1",2.25,"brier_scaled",0.483213216452509,0.490772684697246,0.021917266856163,0.448968187771903,0.507506477605304,5
"1arc","1",2.25,"cox_intercept",1.03933314900003,1.01640327017342,0.0881618678602763,0.957628775632025,1.17833823537233,5
"1arc","1",2.25,"cox_slope",2.54275899155907,2.6440567814011,0.441111949506233,1.92746735503499,2.95142212834845,5
"1arc","1",2.25,"dca_mean_excess_nb",0.0819325434942946,0.0821657336712047,0.00666975299182817,0.071828096307331,0.0880732899985205,5
"1arc","1",2.25,"dca_nb_pt25",0.269006453209424,0.264423076923077,0.0146054346123421,0.255892255892256,0.292307692307692,5
"1arc","1",2.25,"dca_nb_pt50",0.121044427519675,0.118811881188119,0.0299404990979829,0.0865384615384615,0.166666666666667,5
"1arc","1",2.25,"dca_nb_pt75",0.0070019425019425,0.00480769230769231,0.00845723849086881,0,0.0202020202020202,5
"1arc","1",2.25,"dca_prop_useful",0.751515151515151,0.737373737373737,0.0339550228565083,0.727272727272727,0.808080808080808,5
"1arc","1",2.25,"prevalence",0.309217529445252,0.31,0.00744154463901444,0.298076923076923,0.317948717948718,5
"1arc","1",2.5,"brier_class",0.117599340303026,0.119627962085308,0.02047083546752,0.0961897205153125,0.136980338308458,3
"1arc","1",2.5,"brier_scaled",0.436225884433093,0.423472991989608,0.085479721001073,0.357839098630773,0.527365562678897,3
"1arc","1",2.5,"cox_intercept",1.26372640740471,1.39221413456404,0.247069186509497,0.97888934152829,1.4200757461218,3
"1arc","1",2.5,"cox_slope",2.08677492528069,2.21583974861814,0.456075427152092,1.58007569126477,2.46440933595916,3
"1arc","1",2.5,"dca_mean_excess_nb",0.0700793383931547,0.0680983389885944,0.012110039587473,0.0590819362844626,0.0830577399064072,3
"1arc","1",2.5,"dca_nb_pt25",0.225954520915431,0.213930348258706,0.0242099416654008,0.210110584518167,0.253822629969419,3
"1arc","1",2.5,"dca_nb_pt50",0.0965080535263016,0.100917431192661,0.015189219037139,0.0796019900497512,0.109004739336493,3
"1arc","1",2.5,"dca_nb_pt75",0.00958513806606488,0.00995024875621891,0.0048257967446504,0.00458715596330275,0.014218009478673,3
"1arc","1",2.5,"dca_prop_useful",0.791245791245791,0.777777777777778,0.0324702045824679,0.767676767676768,0.828282828282828,3
"1arc","1",2.5,"prevalence",0.295566747908933,0.293838862559242,0.0121197533629717,0.284403669724771,0.308457711442786,3
"1arc","1",2.75,"brier_class",0.11387058198934,0.114558457627119,0.00939415367885441,0.103817952143906,0.125839171171171,5
"1arc","1",2.75,"brier_scaled",0.417941743507213,0.408560636262514,0.0419770134899755,0.374812730645161,0.47706400234376,5
"1arc","1",2.75,"cox_intercept",1.233924798489,1.17495230027378,0.212612348717048,1.05616580693612,1.56132399687883,5
"1arc","1",2.75,"cox_slope",2.47930331232166,2.44303167533821,0.555506422190653,1.82636342372755,3.28944012126382,5
"1arc","1",2.75,"dca_mean_excess_nb",0.0611492715368559,0.0588886171006119,0.00684277354720227,0.0553159546268491,0.0725450391692958,5
"1arc","1",2.75,"dca_nb_pt25",0.19956988598133,0.1996996996997,0.00962405112828625,0.189265536723164,0.2143906020558,5
"1arc","1",2.75,"dca_nb_pt50",0.0697954369563755,0.0630630630630631,0.0175421421869394,0.0515021459227468,0.0969162995594714,5
"1arc","1",2.75,"dca_nb_pt75",0.0034343416216722,0.00429184549356223,0.00355919290760679,0,0.00847457627118644,5
"1arc","1",2.75,"dca_prop_useful",0.745454545454545,0.747474747474748,0.0230338469716997,0.707070707070707,0.767676767676768,5
"1arc","1",2.75,"prevalence",0.266854908416136,0.266094420600858,0.0100215074461393,0.253061224489796,0.279279279279279,5
"1arc","1",3,"brier_class",0.109148253711974,0.110470904761905,0.0175279461360977,0.0909964495943563,0.125977406779661,3
"1arc","1",3,"brier_scaled",0.421176848109179,0.404469920543294,0.0812222056323982,0.349607188728217,0.509453435056027,3
"1arc","1",3,"cox_intercept",1.27704396262178,1.31712407451033,0.176113975114997,1.08434435523578,1.42966345811923,3
"1arc","1",3,"cox_slope",2.10590386695481,2.07316403006258,0.506231050481729,1.61683738605672,2.62771018474513,3
"1arc","1",3,"dca_mean_excess_nb",0.0571749590615204,0.0538497590771975,0.0110358564857679,0.0481840426307978,0.0694910754765659,3
"1arc","1",3,"dca_nb_pt25",0.196507039727379,0.19973544973545,0.014376363634472,0.180790960451977,0.208994708994709,3
"1arc","1",3,"dca_nb_pt50",0.0549502286790422,0.0476190476190476,0.0255198974583653,0.0338983050847458,0.0833333333333333,3
"1arc","1",3,"dca_nb_pt75",0.00132275132275132,0,0.00229107249678423,0,0.00396825396825397,3
"1arc","1",3,"dca_prop_useful",0.67003367003367,0.656565656565657,0.0716626149959352,0.606060606060606,0.747474747474748,3
"1arc","1",3,"prevalence",0.251591785490091,0.246031746031746,0.00963027083394051,0.246031746031746,0.26271186440678,3
"1arc","1",3.25,"brier_class",0.10157623508952,0.101295124528302,0.00491306125230603,0.0959506086956522,0.108951164831879,5
"1arc","1",3.25,"brier_scaled",0.438093892592785,0.434812480533927,0.032220581382965,0.398454992744983,0.481362733322074,5
"1arc","1",3.25,"cox_intercept",1.19386197948468,1.18813495777142,0.0808294212424436,1.11367408203952,1.30738720391313,5
"1arc","1",3.25,"cox_slope",2.11329185570392,1.95827313830266,0.63466482157957,1.50410815814849,2.80459643534155,5
"1arc","1",3.25,"dca_mean_excess_nb",0.0592459490434197,0.0606299193389714,0.00676463327042874,0.0511191961438754,0.0679873595380148,5
"1arc","1",3.25,"dca_nb_pt25",0.171564656425438,0.169764560099133,0.0041715034919172,0.167948717948718,0.177865612648221,5
"1arc","1",3.25,"dca_nb_pt50",0.0735295936533552,0.08300395256917,0.0227093112764954,0.0421455938697318,0.1,5
"1arc","1",3.25,"dca_nb_pt75",0.00458867303517224,0.00371747211895911,0.00497972633213897,0,0.0113207547169811,5
"1arc","1",3.25,"dca_prop_useful",0.751515151515152,0.767676767676768,0.0621027319149067,0.676767676767677,0.818181818181818,5
"1arc","1",3.25,"prevalence",0.23710285104916,0.237547892720307,0.00545506902343845,0.230483271375465,0.245059288537549,5
"1arc","1",3.5,"brier_class",0.108804950275262,0.106417276818567,0.00469730171259135,0.105781097472924,0.114216476534296,3
"1arc","1",3.5,"brier_scaled",0.373181521126819,0.385875685360952,0.0266505806975337,0.342556937134283,0.391111940885221,3
"1arc","1",3.5,"cox_intercept",1.2819277664505,1.29537925067727,0.198636987380749,1.07690692622631,1.47349712244791,3
"1arc","1",3.5,"cox_slope",1.79779855368525,1.62822407825747,0.46479794077591,1.44159769778201,2.32357388501627,3
"1arc","1",3.5,"dca_mean_excess_nb",0.0466537639857828,0.0478421977288241,0.00325405337979372,0.0429725449556384,0.0491465492728858,3
"1arc","1",3.5,"dca_nb_pt25",0.143430382048152,0.142685851318945,0.00307674454222279,0.140794223826715,0.146811070998797,3
"1arc","1",3.5,"dca_nb_pt50",0.0492818741396774,0.0467625899280576,0.0146043214865737,0.036101083032491,0.0649819494584837,3
"1arc","1",3.5,"dca_nb_pt75",0.00240673886883273,0,0.00416859400136914,0,0.0072202166064982,3
"1arc","1",3.5,"dca_prop_useful",0.703703703703704,0.676767676767677,0.0841077171501468,0.636363636363636,0.797979797979798,3
"1arc","1",3.5,"prevalence",0.223558337445567,0.223826714801444,0.000464843215980005,0.223021582733813,0.223826714801444,3
"1arc","1",3.75,"brier_class",0.102058521350979,0.102620996539792,0.00432029947609409,0.0966466712328767,0.106803408210343,5
"1arc","1",3.75,"brier_scaled",0.386840900650767,0.390243672852781,0.0234160724501656,0.364646700816835,0.422126102664797,5
"1arc","1",3.75,"cox_intercept",1.20027015612737,1.19074757065633,0.105445675797651,1.04789134504547,1.3227216067824,5
"1arc","1",3.75,"cox_slope",2.14671974085482,2.05416919328693,0.455258224920385,1.64251003707994,2.74861740824855,5
"1arc","1",3.75,"dca_mean_excess_nb",0.0455645423723583,0.0434719614097787,0.00415280113756144,0.0425274941067255,0.0522957465266799,5
"1arc","1",3.75,"dca_nb_pt25",0.140857064961397,0.139561707035755,0.00510378064035174,0.136612021857924,0.149543378995434,5
"1arc","1",3.75,"dca_nb_pt50",0.030689673624534,0.0242214532871972,0.010761523830234,0.0229508196721311,0.0479452054794521,5
"1arc","1",3.75,"dca_nb_pt75",0.00136986301369863,0,0.00306310681849286,0,0.00684931506849315,5
"1arc","1",3.75,"dca_prop_useful",0.692929292929293,0.696969696969697,0.0565115181038358,0.636363636363636,0.777777777777778,5
"1arc","1",3.75,"prevalence",0.210968538223588,0.212328767123288,0.00466453204574904,0.20327868852459,0.214532871972318,5
"1arc","1",4,"brier_class",0.0983286759528747,0.0981056595685124,0.00072099186439041,0.0977455424836601,0.0991348258064516,3
"1arc","1",4,"brier_scaled",0.390868984456526,0.394995927022739,0.00912705185325769,0.380407338709678,0.39720368763716,3
"1arc","1",4,"cox_intercept",1.34017853879572,1.2950381055485,0.166889891884166,1.2005020544427,1.52499545639595,3
"1arc","1",4,"cox_slope",1.95532836938506,1.85317186244275,0.587916462289733,1.42518480401398,2.58762844169846,3
"1arc","1",4,"dca_mean_excess_nb",0.0436423836404422,0.0438338229326537,0.0012057878389711,0.0423523283795871,0.0447409996090858,3
"1arc","1",4,"dca_nb_pt25",0.137884073037285,0.137254901960784,0.00703698970341907,0.131182795698925,0.145214521452145,3
"1arc","1",4,"dca_nb_pt50",0.0249678351769396,0.0261437908496732,0.00794375868900623,0.0165016501650165,0.032258064516129,3
"1arc","1",4,"dca_nb_pt75",0,0,0,0,0,3
"1arc","1",4,"dca_prop_useful",0.622895622895623,0.636363636363636,0.0617181911778564,0.555555555555556,0.676767676767677,3
"1arc","1",4,"prevalence",0.202411613710391,0.202614379084967,0.0023168950619201,0.2,0.204620462046205,3
"3arc","1",1,"brier_class",0.108954127435333,0.101760785590643,0.0325803715829075,0.0637882555555556,0.203132449438202,23
"3arc","1",1,"brier_scaled",0.563118839551846,0.592550536843143,0.130753710336651,0.186545939332659,0.744846977777778,23
"3arc","1",1,"cox_intercept",0.305118869723047,0.241787105297283,0.502626675063151,-0.608791681295114,1.19524924150384,23
"3arc","1",1,"cox_slope",1.00434394249523,0.961248699009243,0.282591076641439,0.355565931241365,1.43873861407816,23
"3arc","1",1,"dca_mean_excess_nb",0.126583998068959,0.125780901733386,0.0690696639629683,-0.0384619171303339,0.220723223451123,23
"3arc","1",1,"dca_nb_pt25",0.44278439190924,0.440740740740741,0.0283869835458026,0.382838283828383,0.494117647058823,23
"3arc","1",1,"dca_nb_pt50",0.382052197394687,0.388888888888889,0.0682995632893219,0.212121212121212,0.5,23
"3arc","1",1,"dca_nb_pt75",0.176172255473728,0.222222222222222,0.120565940373332,-0.0898876404494382,0.333333333333333,23
"3arc","1",1,"dca_prop_useful",0.833113746157224,0.808080808080808,0.123331245022153,0.565656565656566,1,23
"3arc","1",1,"prevalence",0.501851529457208,0.5,0.0243844961880922,0.455445544554455,0.547619047619048,23
"3arc","1",2,"brier_class",0.105651889312169,0.101957667020793,0.0268563753297532,0.0776860588235294,0.141006164383562,4
"3arc","1",2,"brier_scaled",0.520925871411823,0.544000282543346,0.128199890412015,0.346589695652174,0.649113224908425,4
"3arc","1",2,"cox_intercept",0.236877624210566,0.306652590471787,0.23661259855989,-0.100677481363396,0.434882797262088,4
"3arc","1",2,"cox_slope",0.870702556704718,0.863283000981549,0.105511967298524,0.76294126913098,0.993302955724796,4
"3arc","1",2,"dca_mean_excess_nb",0.0698287299177129,0.0748818607443933,0.040890087041807,0.0152097944285767,0.114341403753488,4
"3arc","1",2,"dca_nb_pt25",0.285099180263309,0.288655462184874,0.0142498852574222,0.264840182648402,0.298245614035088,4
"3arc","1",2,"dca_nb_pt50",0.196403352256548,0.230429013710747,0.071728268088113,0.089041095890411,0.235714285714286,4
"3arc","1",2,"dca_nb_pt75",-0.0110813269071147,-0.0259398496240601,0.0891561360865405,-0.102739726027397,0.110294117647059,4
"3arc","1",2,"dca_prop_useful",0.69949494949495,0.702020202020202,0.132055657703962,0.535353535353535,0.858585858585859,4
"3arc","1",2,"prevalence",0.330096734079356,0.329726890756303,0.0126150613593729,0.315068493150685,0.345864661654135,4
"3arc","1",3,"brier_class",0.110054960479564,0.11180497768738,0.0323936978715003,0.0701546291005158,0.14645525744298,4
"3arc","1",3,"brier_scaled",0.413625622413583,0.3964268822758,0.164247814264068,0.238583345431279,0.623065379671454,4
"3arc","1",3,"cox_intercept",0.405704814727621,0.427675336685663,0.245010060955745,0.106652985170959,0.6608156003682,4
"3arc","1",3,"cox_slope",1.01299020667288,1.05748129248879,0.304178277127537,0.642237087621353,1.29476115409257,4
"3arc","1",3,"dca_mean_excess_nb",0.0343044396699265,0.0376107130190532,0.0583294926703371,-0.0378102913918736,0.099806624033473,4
"3arc","1",3,"dca_nb_pt25",0.202416695650703,0.2020264681555,0.00765734126476011,0.193973634651601,0.211640211640212,4
"3arc","1",3,"dca_nb_pt50",0.0761685184183817,0.0585424133811231,0.0586451160892937,0.0282485875706215,0.159340659340659,4
"3arc","1",3,"dca_nb_pt75",-0.0566403985622138,-0.0616572793992149,0.0932627214920142,-0.15819209039548,0.0549450549450549,4
"3arc","1",3,"dca_prop_useful",0.669191919191919,0.590909090909091,0.203090598614981,0.525252525252525,0.96969696969697,4
"3arc","1",3,"prevalence",0.249459456061424,0.247282287604868,0.00719026130391064,0.243386243386243,0.259887005649718,4
"3arc","1",4,"brier_class",0.105493044850783,0.113098192001389,0.0219471130684647,0.0745918612791542,0.121183934121201,4
"3arc","1",4,"brier_scaled",0.350711851602693,0.30792643020191,0.127463548444785,0.257860765404103,0.529133780602847,4
"3arc","1",4,"cox_intercept",0.419104339479646,0.539296170106735,0.302283842548953,-0.0278111452178823,0.625636162922997,4
"3arc","1",4,"cox_slope",0.905494956369798,0.90034519557683,0.129659228693339,0.777084714719363,1.04420471960617,4
"3arc","1",4,"dca_mean_excess_nb",0.0221399108490158,0.012377242744456,0.0333101298201274,-0.00421993122806737,0.0680250891352187,4
"3arc","1",4,"dca_nb_pt25",0.153930287696071,0.152876761691224,0.0110255971100633,0.141812865497076,0.168154761904762,4
"3arc","1",4,"dca_nb_pt50",0.0230554665812513,0.00892857142857143,0.0410613403976574,-0.00896860986547085,0.0833333333333333,4
"3arc","1",4,"dca_nb_pt75",-0.0617148603009767,-0.0848214285714286,0.0780781596292038,-0.121076233183856,0.043859649122807,4
"3arc","1",4,"dca_prop_useful",0.613636363636364,0.505050505050505,0.230983547710644,0.484848484848485,0.95959595959596,4
"3arc","1",4,"prevalence",0.203590183418187,0.205357142857143,0.00417049640791656,0.197368421052632,0.20627802690583,4
"3arc","1",5,"brier_class",0.105712345773952,0.112800475144393,0.0158930160328619,0.0821036800394957,0.115144752767528,4
"3arc","1",5,"brier_scaled",0.241782491065004,0.192666518638742,0.108381030717672,0.178200939620306,0.403595987362225,4
"3arc","1",5,"cox_intercept",0.437309769310798,0.548393886910417,0.353855640863646,-0.0770036088808301,0.729454912303189,4
"3arc","1",5,"cox_slope",0.738085180094517,0.770313505504165,0.106910745799871,0.587731001614786,0.823982707754951,4
"3arc","1",5,"dca_mean_excess_nb",0.00448659259334728,-0.00415974357371208,0.0208140650581254,-0.00910818775191331,0.0353740452727266,4
"3arc","1",5,"dca_nb_pt25",0.0947623907746199,0.0924551844796426,0.00522032664092168,0.0915750915750916,0.102564102564103,4
"3arc","1",5,"dca_nb_pt50",-0.00363714154061444,-0.0146002904072362,0.0352508715402663,-0.032967032967033,0.0476190476190476,4
"3arc","1",5,"dca_nb_pt75",-0.0658253230288879,-0.076367675645654,0.0325496579626183,-0.0922509225092251,-0.0183150183150183,4
"3arc","1",5,"dca_prop_useful",0.5,0.424242424242424,0.158320780410892,0.414141414141414,0.737373737373737,4
"3arc","1",5,"prevalence",0.167285003174941,0.167281575223813,0.00223586496178293,0.164835164835165,0.169741697416974,4
