"resolution","mode","requested_ratio","seed","population","n_train","n_presence_test","n_absence_test","pr_auc","roc_auc","minutes_all_folds","finished"
"3arc","lopo",4,6001,"13043 Ridge-Long-Cassi Valley",18480,5,0,NA,NA,19,"2026-09-29 01:42:55"
"3arc","lopo",4,6002,"Bellview",18452,23,10,0.791261829282959,0.621739130434783,19,"2026-09-29 01:42:55"
"3arc","lopo",4,6003,"Bellview-Rustler",18479,3,3,0.513888888888889,0.666666666666667,19,"2026-09-29 01:42:55"
"3arc","lopo",4,6004,"Cochetopa",14535,50,3900,0.0558338749581565,0.883690567977384,19,"2026-09-29 01:42:55"
"3arc","lopo",4,6005,"Crystal Peak",18459,8,18,0.778565705128205,0.902777777777778,19,"2026-09-29 01:42:55"
"3arc","lopo",4,6006,"Frigid Air Pass",18021,31,433,0.645257268448713,0.980510752688172,19,"2026-09-29 01:42:55"
"3arc","lopo",4,6007,"Gothic",18471,3,11,0.116036741036741,0.0303030303030303,19,"2026-09-29 01:42:55"
"3arc","lopo",4,6008,"Halsey Basin",18443,21,21,0.69583615431069,0.741496598639456,19,"2026-09-29 01:42:55"
"3arc","lopo",4,6009,"Mt. Baldy",18444,13,28,0.331249798297465,0.601648351648352,19,"2026-09-29 01:42:55"
"3arc","lopo",4,6010,"RAEL-2026",18452,12,21,0.683917811849313,0.837301587301587,19,"2026-09-29 01:42:55"
"3arc","lopo",4,6011,"Red Rock",17586,3,896,0.344734349678569,0.865327380952381,19,"2026-09-29 01:42:55"
"3arc","lopo",4,6012,"Ridge Across Arkansas",17863,7,615,0.341431900020467,0.989478606499883,19,"2026-09-29 01:42:55"
"3arc","lopo",4,6013,"Rustlers Gulch",18453,11,21,0.612486334107147,0.772727272727273,19,"2026-09-29 01:42:55"
"3arc","lopo",4,6014,"Virginia Basin",18463,19,3,0.986450517418417,0.912280701754386,19,"2026-09-29 01:42:55"
"3arc","lopo",4,6015,"Yule Pass",18412,14,59,0.290244110199504,0.753026634382567,19,"2026-09-29 01:42:55"
"3arc","lopo",20,6001,"13043 Ridge-Long-Cassi Valley",18480,5,0,NA,NA,72.9,"2026-09-29 02:55:46"
"3arc","lopo",20,6002,"Bellview",18452,23,10,0.818366345769095,0.671739130434783,72.9,"2026-09-29 02:55:46"
"3arc","lopo",20,6003,"Bellview-Rustler",18479,3,3,0.763888888888889,0.777777777777778,72.9,"2026-09-29 02:55:46"
"3arc","lopo",20,6004,"Cochetopa",14535,50,3900,0.0103696133201918,0.488910305833976,72.9,"2026-09-29 02:55:46"
"3arc","lopo",20,6005,"Crystal Peak",18459,8,18,0.864007173382173,0.930555555555556,72.9,"2026-09-29 02:55:46"
"3arc","lopo",20,6006,"Frigid Air Pass",18021,31,433,0.67452703010882,0.980436081242533,72.9,"2026-09-29 02:55:46"
"3arc","lopo",20,6007,"Gothic",18471,3,11,0.118814518814519,0.0757575757575757,72.9,"2026-09-29 02:55:46"
"3arc","lopo",20,6008,"Halsey Basin",18443,21,21,0.669519088237742,0.697278911564626,72.9,"2026-09-29 02:55:46"
"3arc","lopo",20,6009,"Mt. Baldy",18444,13,28,0.318421338745225,0.575549450549451,72.9,"2026-09-29 02:55:46"
"3arc","lopo",20,6010,"RAEL-2026",18452,12,21,0.693433996558997,0.821428571428572,72.9,"2026-09-29 02:55:46"
"3arc","lopo",20,6011,"Red Rock",17586,3,896,0.0903980613379946,0.645833333333333,72.9,"2026-09-29 02:55:46"
"3arc","lopo",20,6012,"Ridge Across Arkansas",17863,7,615,0.256531760206269,0.983750292260931,72.9,"2026-09-29 02:55:46"
"3arc","lopo",20,6013,"Rustlers Gulch",18453,11,21,0.680808879672516,0.785714285714286,72.9,"2026-09-29 02:55:46"
"3arc","lopo",20,6014,"Virginia Basin",18463,19,3,0.994862155388471,0.964912280701754,72.9,"2026-09-29 02:55:46"
"3arc","lopo",20,6015,"Yule Pass",18412,14,59,0.288419656727069,0.750605326876513,72.9,"2026-09-29 02:55:46"
