"Model","Metric","Value"
"Arithmetic Mean","MAE",10.021533478444
"Arithmetic Mean","MSE",288.300472780391
"Arithmetic Mean","RMSE",16.9794132048311
"Kriging","MAE",10.5269315602135
"Kriging","MSE",318.476325890302
"Kriging","RMSE",17.8459050174067
"kNN (within pop)","MAE",9.12407407407407
"kNN (within pop)","MSE",263.643909465021
"kNN (within pop)","RMSE",16.2371151829696
"kNN (across pop)","MAE",10.5240427653855
"kNN (across pop)","MSE",363.467056002242
"kNN (across pop)","RMSE",19.0648119844451
"XGB Poisson Spat.","MAE",8.61239116832062
"XGB Poisson Spat.","MSE",231.001633900924
"XGB Poisson Spat.","RMSE",15.1987379048697
"XGB Poisson","MAE",8.60675428035083
"XGB Poisson","MSE",230.545235728857
"XGB Poisson","RMSE",15.1837161369955
"XBG Tweedie Spat.","MAE",7.81055624534686
"XBG Tweedie Spat.","MSE",226.12720898157
"XBG Tweedie Spat.","RMSE",15.0375266909678
"XGB Tweedie","MAE",7.49321521770347
"XGB Tweedie","MSE",229.448785404027
"XGB Tweedie","RMSE",15.1475669796845
"LGBM Poisson Spat.","MAE",8.62817539989184
"LGBM Poisson Spat.","MSE",251.141719374557
"LGBM Poisson Spat.","RMSE",15.8474515104024
"Poisson","MAE",7.41590775466843
"Poisson","MSE",209.645007582783
"Poisson","RMSE",14.4791231634648
"NegBin","MAE",10.439000673521
"NegBin","MSE",509.307844906496
"NegBin","RMSE",22.5678498068933
"Hurdle Poisson","MAE",12.7248734677561
"Hurdle Poisson","MSE",409.652708130287
"Hurdle Poisson","RMSE",20.2398791530554
"Hurdle NegBin","MAE",11.6041385739403
"Hurdle NegBin","MSE",327.062315058367
"Hurdle NegBin","RMSE",18.0848642532469
