<?xml version="1.0" encoding="ISO-8859-1"?>
<eml:eml xmlns:eml="eml://ecoinformatics.org/eml-2.1.1" xmlns:dc="http://purl.org/dc/terms/" xmlns:xsi="http://www.w3.org/2001/XMLSchema-instance" xsi:schemaLocation="eml://ecoinformatics.org/eml-2.1.1 http://rs.gbif.org/schema/eml-gbif-profile/1.0.1/eml.xsd" packageId="884aec51-4323-4aec-9c12-335c17268846" system="https://symbiota.org" scope="system" xml:lang="eng"><dataset><title xml:lang="eng">Southern Rocky Mountain Herbaria general data extract</title><creator id="e147f940-d966-4d6f-aa8c-31762ebf1069"><organizationName>Southern Rocky Mountain Herbaria</organizationName><electronicMailAddress>james.r.allen@colorado.edu</electronicMailAddress><onlineUrl>https://www.soroherbaria.org/portal/index.php</onlineUrl></creator><metadataProvider><organizationName>Southern Rocky Mountain Herbaria</organizationName><electronicMailAddress>james.r.allen@colorado.edu</electronicMailAddress><onlineUrl>https://www.soroherbaria.org/portal/index.php</onlineUrl></metadataProvider><pubDate>2024-03-31</pubDate><language>eng</language></dataset><additionalMetadata><metadata><symbiota id="e147f940-d966-4d6f-aa8c-31762ebf1069"><dateStamp>2024-03-31T17:59:30-07:00</dateStamp><citation identifier="f180ae56-d6ec-4733-9266-be136b2aeb81">Southern Rocky Mountain Herbaria - f180ae56-d6ec-4733-9266-be136b2aeb81</citation><physical><characterEncoding>ISO-8859-1</characterEncoding><dataFormat><externallyDefinedFormat><formatName>Darwin Core Archive</formatName></externallyDefinedFormat></dataFormat></physical><collection identifier="343cbd43-46a3-4534-9465-ffb0b1132d62" id="9"><alternateIdentifier>https://www.soroherbaria.org/portal/collections/misc/collprofiles.php?collid=9</alternateIdentifier><parentCollectionIdentifier>UCR</parentCollectionIdentifier><collectionIdentifier></collectionIdentifier><collectionName>University of California, Riverside Plant Herbarium</collectionName><resourceLogoUrl>https://swbiodiversity.org/seinet/content/collicon/ucr.jpg</resourceLogoUrl><onlineUrl>http://herbarium.ucr.edu/Herbarium.html</onlineUrl><intellectualRights>http://creativecommons.org/licenses/by-nc/3.0/</intellectualRights><abstract></abstract><associatedParty><individualName><surName>Andrew Sanders</surName><givenName></givenName></individualName><electronicMailAddress>Andrew.Sanders@ucr.edu</electronicMailAddress></associatedParty></collection><collection identifier="f5db692d-95c2-4532-a9e0-76a3d2bb675a" id="30"><alternateIdentifier>https://www.soroherbaria.org/portal/collections/misc/collprofiles.php?collid=30</alternateIdentifier><parentCollectionIdentifier>CS</parentCollectionIdentifier><collectionIdentifier></collectionIdentifier><collectionName>Colorado State University, Charles Maurer Herbarium</collectionName><resourceLogoUrl>https://swbiodiversity.org/seinet/content/collicon/cs.jpg</resourceLogoUrl><onlineUrl>http://herbarium.biology.colostate.edu/index.htm</onlineUrl><intellectualRights>http://creativecommons.org/licenses/by-nc/3.0/</intellectualRights><associatedParty><individualName><surName>Dewey</surName><givenName>Tanya</givenName></individualName><electronicMailAddress>tdewey@rams.colostate.edu</electronicMailAddress><positionName>Interim Curator</positionName></associatedParty><abstract><para>&lt;p&gt;The Charles Maurer Herbarium Collection is the third largest collection of vascular plants (&amp;gt; 104,000 specimens) and is the oldest herbarium (began in 1883) in the southern Rocky Mountain region. Important collections include those by J. Ackerfield, J. Cassidy, J. H. Cowen, C.S. Crandall, and H.D. Harrington. The herbarium has an excellent representation of the Colorado flora as well as the flora of the southern Rocky Mountain region. These herbarium specimens were the primary bases for the Colorado floras published by Rydberg (1906), Harrington (1954), and Ackerfield (2015).&lt;/p&gt;</para></abstract></collection><collection identifier="ee7a5f18-f9b4-4c78-b36e-3763a5852c46" id="50"><alternateIdentifier>https://www.soroherbaria.org/portal/collections/misc/collprofiles.php?collid=50</alternateIdentifier><parentCollectionIdentifier>RM</parentCollectionIdentifier><collectionIdentifier></collectionIdentifier><collectionName>Rocky Mountain Herbarium</collectionName><resourceLogoUrl>https://swbiodiversity.org/seinet/content/collicon/rm.gif</resourceLogoUrl><onlineUrl>http://www.rmh.uwyo.edu/</onlineUrl><intellectualRights>http://creativecommons.org/licenses/by-nc/3.0/</intellectualRights><associatedParty><individualName><surName>Ernie Nelson</surName><givenName></givenName></individualName><electronicMailAddress>bnelsonn@uwyo.edu</electronicMailAddress></associatedParty><abstract><para>&lt;p&gt;Founded in 1893 by Aven Nelson, the Rocky Mountain Herbarium (RM) contains the largest collection of Rocky Mountain plants and fungi in existence with additional representation of the floras of other parts of the Northern Hemisphere. It ranks 17th in the nation with 825,000 specimens [with approximately 25,000 new specimens added each year] and is the largest facility of its kind between St. Louis, Missouri, and Berkeley, California&lt;/p&gt;</para></abstract></collection><collection identifier="b39167b5-1732-4bbf-aeda-9b8ede470fbd" id="40"><alternateIdentifier>https://www.soroherbaria.org/portal/collections/misc/collprofiles.php?collid=40</alternateIdentifier><parentCollectionIdentifier>NY</parentCollectionIdentifier><collectionIdentifier></collectionIdentifier><collectionName>New York Botanical Garden Steere Herbarium</collectionName><resourceLogoUrl>https://swbiodiversity.org/seinet/content/collicon/ny.jpg</resourceLogoUrl><onlineUrl>http://sweetgum.nybg.org/science/</onlineUrl><intellectualRights>http://creativecommons.org/licenses/by/3.0/</intellectualRights><associatedParty><individualName><surName>Tarnowsky</surName><givenName>Nicole</givenName></individualName><electronicMailAddress>ntarnowsky@nybg.org</electronicMailAddress><positionName>Interim Director</positionName></associatedParty><abstract><para>&lt;p&gt;With more than 7.8 million preserved specimens, the William and Lynda Steere Herbarium is the largest herbarium in the Western Hemisphere.&lt;/p&gt;</para></abstract></collection><collection identifier="06bf658d-f555-4c9c-ab93-fc2d7db7086e" id="16"><alternateIdentifier>https://www.soroherbaria.org/portal/collections/misc/collprofiles.php?collid=16</alternateIdentifier><parentCollectionIdentifier>USU</parentCollectionIdentifier><collectionIdentifier>UTC</collectionIdentifier><collectionName>Intermountain Herbarium (Vasc. &amp; Algae)</collectionName><resourceLogoUrl>https://swbiodiversity.org/seinet/content/collicon/utc.jpg</resourceLogoUrl><onlineUrl>http://herbarium.usu.edu/default.htm</onlineUrl><intellectualRights>http://creativecommons.org/publicdomain/zero/1.0/</intellectualRights><additionalInfo>Utah State University</additionalInfo><associatedParty><individualName><surName>Kristian R. Valles ( Herbarium Manager)</surName><givenName></givenName></individualName><electronicMailAddress>kristian.valles@usu.edu</electronicMailAddress></associatedParty><abstract><para>&lt;p&gt;Records in this database are of the vascular plants and algae (of which there are very few) in the Intermountain Herbarium. Records for fungi, lichens and bryophytes are now being posted to the taxon-specific networks. The geographic focus of the Intermountain Herbarium is the Intermountain Region of western North America but its holdings come from many different countries. It even has one or more specimens from each of the seven continents. The collection is particularly rich in the Scrophulariaceae (traditional sense), Eriogonum, and grasses, including voucher specimens of plants used by the late D.R. Dewey in his cytogenetic studies of the Triticeae.&lt;/p&gt;</para></abstract></collection><collection identifier="dcc3c0d4-53b3-4be4-9de7-a6c1d63736c5" id="112"><alternateIdentifier>https://www.soroherbaria.org/portal/collections/misc/collprofiles.php?collid=112</alternateIdentifier><parentCollectionIdentifier>RMBL</parentCollectionIdentifier><collectionIdentifier></collectionIdentifier><collectionName>Rocky Mountain Biological Laboratory</collectionName><resourceLogoUrl>https://swbiodiversity.org/seinet/content/collicon/rmbl.jpg</resourceLogoUrl><onlineUrl>http://rmbl.org</onlineUrl><intellectualRights>http://creativecommons.org/licenses/by-nc/3.0/</intellectualRights><associatedParty><individualName><surName>C.F. Rick Williams, Curator</surName><givenName></givenName></individualName><electronicMailAddress>willcha2@isu.edu</electronicMailAddress></associatedParty><abstract><para>&lt;p&gt;Vascular Plants curated within the Rocky Mountain Biological Laboratory Herbarium. Specimens date to 1929 and are primarily from the East River and upper Gunnison basin.&lt;/p&gt;</para></abstract></collection><collection identifier="ca77be98-2a59-4aa9-bfc1-5ea615f2e6b7" id="113"><alternateIdentifier>https://www.soroherbaria.org/portal/collections/misc/collprofiles.php?collid=113</alternateIdentifier><parentCollectionIdentifier>DBG</parentCollectionIdentifier><collectionIdentifier>KHD</collectionIdentifier><collectionName>Kathryn Kalmbach Herbarium</collectionName><resourceLogoUrl>https://swbiodiversity.org/seinet/content/collicon/dbg.jpg</resourceLogoUrl><onlineUrl>https://www.botanicgardens.org/our-collections/kathryn-kalmbach-herbarium-vascular-plants</onlineUrl><intellectualRights>http://creativecommons.org/publicdomain/zero/1.0/</intellectualRights><additionalInfo>Public Domain</additionalInfo><associatedParty><individualName><surName>Levy</surName><givenName>Rick</givenName></individualName><electronicMailAddress>richard.levy@botanicgardens.org</electronicMailAddress><positionName>Scientific Data Manager</positionName><userId>https://orcid.org/0000-0002-4401-1380</userId></associatedParty><associatedParty><individualName><surName>Ackerfield</surName><givenName>Jennifer</givenName></individualName><positionName>Head Curator of Biodiversity Collections</positionName><electronicMailAddress>jennifer.ackerfield@botanicgardens.org</electronicMailAddress></associatedParty><abstract><para>&lt;p&gt;The Kathryn Kalmbach Herbarium (KHD), a collection of over 75,000 vascular plant specimens, is a regional herbarium with a research focus on the species diversity of Colorado and the Southern Rocky Mountain region. The collection also contains species that are in cultivation at Denver Botanic Gardens. Most of the specimens within the collection have been digitized, and their photographs may be found online. Higher resolution images are also available upon request. Specimens collected in 2017 and later are likely to have an associated tissue sample available on GGBN.&lt;/p&gt;</para></abstract></collection><collection identifier="6945591e-1671-4cb0-a1bb-aea6802329d3" id="118"><alternateIdentifier>https://www.soroherbaria.org/portal/collections/misc/collprofiles.php?collid=118</alternateIdentifier><parentCollectionIdentifier>WSC</parentCollectionIdentifier><collectionIdentifier></collectionIdentifier><collectionName>Western State Colorado University</collectionName><resourceLogoUrl>https://swbiodiversity.org/seinet/content/collicon/wsc.jpg</resourceLogoUrl><onlineUrl></onlineUrl><intellectualRights>http://creativecommons.org/licenses/by-nc/3.0/</intellectualRights><associatedParty><individualName><surName>Robin Bingham, Curator</surName><givenName></givenName></individualName><electronicMailAddress>rbingham@western.edu</electronicMailAddress></associatedParty><abstract><para>&lt;p&gt;Western slope of Colorado Rocky Mountains, including bryophytes and lichens.&lt;/p&gt;</para></abstract></collection><collection identifier="a2e32c87-d320-4a01-bafd-a9182ae2e191" id="1"><alternateIdentifier>https://www.soroherbaria.org/portal/collections/misc/collprofiles.php?collid=1</alternateIdentifier><parentCollectionIdentifier>ASU</parentCollectionIdentifier><collectionIdentifier>Plants</collectionIdentifier><collectionName>Arizona State University Vascular Plant Herbarium</collectionName><resourceLogoUrl>https://swbiodiversity.org/seinet/content/collicon/asu-plants.jpg</resourceLogoUrl><onlineUrl>https://biokic.asu.edu/vascular-plant-herbarium</onlineUrl><intellectualRights>http://creativecommons.org/licenses/by-nc/3.0/</intellectualRights><associatedParty><individualName><surName>Makings</surName><givenName>Elizabeth </givenName></individualName><electronicMailAddress>Elizabeth.Makings@asu.edu</electronicMailAddress><positionName>Collection manager</positionName></associatedParty><abstract><para>&lt;p&gt;The Arizona State University Vascular Plant Herbarium (ASU) is among the most important in the greater Sonoran Desert region with over 315,000 specimens. We are particularly proud of our holdings of Cactaceae which include over 1,100 chromosome counts.&lt;/p&gt;&#13;
&lt;p&gt;An herbarium is a collection of pressed, dried, and archived plants that are systematically arranged - each specimen a physical record of a plant growing at a particular place and at a particular time. Like most herbaria, we seek to document the geographical and ecological distribution of the regional flora, facilitate research, support teaching, and promote conservation. &lt;span style="box-sizing: border-box;"&gt;Vouchers from floristic studies have resulted in comprehensive collections of many important geographic regions in Arizona.&lt;/span&gt;&lt;/p&gt;&#13;
&lt;p&gt;ASU Type Specimens: &lt;a href="http://swbiodiversity.org/seinet/checklists/checklist.php?cl=2638"&gt;http://swbiodiversity.org/seinet/checklists/checklist.php?cl=2638&lt;/a&gt;&lt;br /&gt;&lt;br /&gt;&lt;/p&gt;</para></abstract></collection><collection identifier="fe609977-5b39-49c5-905a-32ca83233244" id="210"><alternateIdentifier>https://www.soroherbaria.org/portal/collections/misc/collprofiles.php?collid=210</alternateIdentifier><parentCollectionIdentifier>LSU</parentCollectionIdentifier><collectionIdentifier>Vascular Plants</collectionIdentifier><collectionName>Louisiana State University, Shirley C. Tucker Herbarium - Vascular Plants</collectionName><resourceLogoUrl>https://sernecportal.org/portal/content/collicon/lsu.jpg</resourceLogoUrl><onlineUrl>http://www.herbarium.lsu.edu/</onlineUrl><intellectualRights>http://creativecommons.org/licenses/by-nc/3.0/</intellectualRights><associatedParty><individualName><surName>Jennifer S. Kluse, Collections Manager</surName><givenName></givenName></individualName><electronicMailAddress>jkluse@lsu.edu</electronicMailAddress></associatedParty><abstract><para>&lt;p class="MsoNormal" style="margin: 0in; font-size: 12pt; font-family: Calibri, sans-serif;"&gt;&lt;span style="font-size: 11pt;"&gt;Shirley C. Tucker Herbarium at Louisiana State University, Vascular Plant Collection contains 310,000+ specimens. Several regional herbaria are integrated entirely or in part, including NO, LSUS, MCN, NLU, Eglin Air Force Base, and New Orleans Academy of Sciences. Only Tulane University Herbarium (NO) remains a distinct collection.&amp;nbsp;&amp;nbsp;Geographic distribution is global, but strengths are Louisiana and the southeastern USA, southen California, Colorado Rocky Mountains, Yucatan Peninsula, Colombia and Brazil. Families well-represented include Asteraceae, Fabaceae, Cyperaceae, Rubiaceae, and Poaceae. Significant collectors include: Fr. G. Ars&amp;egrave;ne, &lt;span style="background: white;"&gt;L. M. Booth,&lt;/span&gt;&amp;nbsp;C. A. Brown,&amp;nbsp;&lt;span style="background: white;"&gt;I. W. Clokey, R. S. Cocks, D. Demaree,&amp;nbsp;J. A. Ewan,&lt;/span&gt;&amp;nbsp;A. Featherman,&amp;nbsp;&lt;span style="background: white;"&gt;A. Gray, J. Hale, J. F. Joor, D. D. Keck, E. P. Killip, J. G. Lemmon, Y. E. J. Mexia, F. W. Peirson,&lt;/span&gt;&amp;nbsp;N. F. Peterson,&amp;nbsp;&lt;span style="background: white;"&gt;J. L. Riddell, and D. Stone,&amp;nbsp;&lt;/span&gt;R. D. Thomas, S. C. Tucker, L. E. Urbatsch, I. V&amp;eacute;lez, and E. C. Wurzlow&lt;span style="background: white;"&gt;.&lt;/span&gt;&lt;/span&gt;&lt;/p&gt;</para></abstract></collection><collection identifier="565b6f19-288f-4614-a4c9-b09448e96547" id="312"><alternateIdentifier>https://www.soroherbaria.org/portal/collections/misc/collprofiles.php?collid=312</alternateIdentifier><parentCollectionIdentifier>TENN</parentCollectionIdentifier><collectionIdentifier></collectionIdentifier><collectionName>University of Tennessee Vascular Herbarium</collectionName><resourceLogoUrl>https://swbiodiversity.org/seinet/content/collicon/tenn.png</resourceLogoUrl><onlineUrl>https://herbarium.utk.edu/vascular/index.php</onlineUrl><intellectualRights>http://creativecommons.org/publicdomain/zero/1.0/</intellectualRights><associatedParty><individualName><surName>Oliver</surName><givenName>Margaret</givenName></individualName><electronicMailAddress>molive18@utk.edu</electronicMailAddress><positionName>Collections Manager</positionName></associatedParty><associatedParty><individualName><surName>Budke</surName><givenName>Dr. Jessica</givenName></individualName><positionName>Herbarium Director</positionName><electronicMailAddress>jbudke@utk.edu</electronicMailAddress></associatedParty><abstract><para>&lt;p&gt;The TENN vascular collection has a strong emphasis on widespread and/or temperate taxa. Even though the collection houses representative specimens of the world's flora, it is unique in having the largest collection of specimens from the state of Tennessee, the historical collections documenting the flora of the Great Smoky Mountains National Park (a World Biosphere Reserve), and the large, general collection from throughout the southern Appalachians. Significant and representative collections are also present from the remainder of the U. S., including Alaska, Central and South America, and Afro-Eurasia. The pteridophyte collection is more cosmopolitan than the rest of the vascular plant collection due, in large part, to the collecting and exchange of A. M. Evans and A. J. Sharp.&lt;/p&gt;</para></abstract></collection><collection identifier="827097ef-52b6-4bfc-bdea-45e382fde5b1" id="252"><alternateIdentifier>https://www.soroherbaria.org/portal/collections/misc/collprofiles.php?collid=252</alternateIdentifier><parentCollectionIdentifier>UNCC</parentCollectionIdentifier><collectionIdentifier>UNCC</collectionIdentifier><collectionName>Mecklenburg County Park and Recreation Herbarium</collectionName><resourceLogoUrl>https://sernecportal.org/portal/content/collicon/uncc.jpg</resourceLogoUrl><onlineUrl>https://www.mecknc.gov/ParkandRec/StewardshipServices/NaturalResources/Pages/CBS.aspx</onlineUrl><intellectualRights>http://creativecommons.org/licenses/by-nc/3.0/</intellectualRights><associatedParty><individualName><surName>Lampel</surName><givenName>Lenny</givenName></individualName><electronicMailAddress>Lenny.Lampel@mecklenburgcountync.gov</electronicMailAddress><positionName>Curator</positionName></associatedParty><associatedParty><individualName><surName>Wyant</surName><givenName>Mary</givenName></individualName><positionName>Data Administrator</positionName><electronicMailAddress>Mary.Wyant@mecklenburgcountync.gov</electronicMailAddress></associatedParty><abstract><para>&lt;p&gt;Collection records at UNCC may contain language that reflects historical place or taxon names in an original form that is no longer acceptable or appropriate in an inclusive environment. Because UNCC preserves data in their original form to retain authenticity and facilitate research, we have chosen to facilitate conversations and are committed to address the problem of racial, derogatory and demeaning language that may be found in our database. Insensitive or offensive language is not condoned by Mecklenburg County.&lt;/p&gt;</para></abstract></collection><collection identifier="urn:lsid:biocol.org:col:15610" id="258"><alternateIdentifier>https://www.soroherbaria.org/portal/collections/misc/collprofiles.php?collid=258</alternateIdentifier><parentCollectionIdentifier>GA</parentCollectionIdentifier><collectionIdentifier></collectionIdentifier><collectionName>University of Georgia Herbarium</collectionName><resourceLogoUrl>https://sernecportal.org/portal/content/collicon/ga_new.jpg</resourceLogoUrl><onlineUrl>https://www.plantbio.uga.edu/uga-herbarium</onlineUrl><intellectualRights>http://creativecommons.org/licenses/by-nc/4.0/</intellectualRights><abstract></abstract><associatedParty><individualName><surName>Williams</surName><givenName>Tanisha</givenName></individualName><electronicMailAddress>tanisha.williams1@uga.edu</electronicMailAddress><positionName>Curator/Director</positionName></associatedParty><associatedParty><individualName><surName>Hughes</surName><givenName>Steven</givenName></individualName><positionName>Collections Manager</positionName><electronicMailAddress>sthughes@uga.edu</electronicMailAddress></associatedParty></collection><collection identifier="eefc8d2f-42bb-4ba2-92d7-52a4290a6fac" id="382"><alternateIdentifier>https://www.soroherbaria.org/portal/collections/misc/collprofiles.php?collid=382</alternateIdentifier><parentCollectionIdentifier>USF</parentCollectionIdentifier><collectionIdentifier></collectionIdentifier><collectionName>University of South Florida Herbarium</collectionName><resourceLogoUrl>https://sernecportal.org/portal/content/collicon/usf.png</resourceLogoUrl><onlineUrl>https://www.usf.edu/arts-sciences/departments/molecular-biosciences/research/herbarium.aspx</onlineUrl><intellectualRights>http://creativecommons.org/licenses/by/3.0/</intellectualRights><associatedParty><individualName><surName>TeStrake</surName><givenName>Diane</givenName></individualName><electronicMailAddress>testrake@usf.edu</electronicMailAddress><positionName>Interim Director</positionName></associatedParty><abstract><para>The USF Herbarium was established as a research and teaching collection in 1958 by George R. Cooley, two years after the founding of the University of South Florida. The USF Herbarium is the second largest collection in Florida, the seventh largest in the southeastern United States, and ranks in the upper third of the world's herbaria in size. The herbarium contains approximately 280,000 specimens, consisting of about 260,000 specimens of vascular plants, 14,000 algae, 2,800 bryophytes, 1,300 lichens, and 300 macrofungi. The collection contains approximately 400 type specimens. The herbarium is richest in specimens from Florida (~40%), with additional holdings from North America north of Mexico (~35%), Latin America and the West Indies (~15%), and the Eastern Hemisphere (~10%). Specific groups well represented in the herbarium include Acanthaceae, Apocynaceae, Begoniaceae, Bromeliaceae, Fabaceae, Orchidaceae, and pteridophytes (ferns).</para></abstract></collection><collection identifier="urn:lsid:biocol.org:col:15631" id="462"><alternateIdentifier>https://www.soroherbaria.org/portal/collections/misc/collprofiles.php?collid=462</alternateIdentifier><parentCollectionIdentifier>Harvard</parentCollectionIdentifier><collectionIdentifier></collectionIdentifier><collectionName>Harvard University Herbaria: Vascular Plants of North America</collectionName><resourceLogoUrl>https://bryophyteportal.org/portal/content/collicon/fh.png</resourceLogoUrl><onlineUrl>https://huh.harvard.edu/</onlineUrl><intellectualRights>http://creativecommons.org/licenses/by-nc/3.0/</intellectualRights><associatedParty><individualName><surName>Jonathan Kennedy</surName><givenName></givenName></individualName><electronicMailAddress>jonathan_kennedy@harvard.edu</electronicMailAddress></associatedParty><associatedParty><individualName><surName>Requests</surName><givenName>HUH</givenName></individualName><electronicMailAddress>huh-requests@oeb.harvard.edu</electronicMailAddress></associatedParty><abstract><para>The Harvard University Herbaria, with over 5 million specimens, is the world&#8217;s largest University Herbaria. Included in the Herbaria are what were once six separate herbarium collections: * Herbarium of the Arnold Arboretum (A) * Economic Herbarium of Oakes Ames (ECON) * Oakes Ames Orchid Herbarium (AMES) * Farlow Herbarium (FH) * Gray Herbarium (GH) * New England Botanical Club Herbarium (NEBC).</para></abstract></collection><collection identifier="7b826ffe-adbc-4554-b62d-7f7665697abe" id="464"><alternateIdentifier>https://www.soroherbaria.org/portal/collections/misc/collprofiles.php?collid=464</alternateIdentifier><parentCollectionIdentifier>UAC</parentCollectionIdentifier><collectionIdentifier>Vascular Plants</collectionIdentifier><collectionName>University of Calgary Herbarium</collectionName><resourceLogoUrl>https://swbiodiversity.org/seinet/content/collicon/uac-vascular_plants.jpg</resourceLogoUrl><onlineUrl>https://science.ucalgary.ca/about/faculty-office/collections-room/herbarium</onlineUrl><intellectualRights>http://creativecommons.org/licenses/by-nc/3.0/</intellectualRights><associatedParty><individualName><surName>Jana Vamosi</surName><givenName></givenName></individualName><electronicMailAddress>jvamosi@ucalgary.ca</electronicMailAddress></associatedParty><abstract><para>With a extensive collection of land plants from Alberta and around the world, the University of Calgary Herbarium (UAC) is dedicated to the collection, preservation and documentation of plant biodiversity.&lt;br/&gt;&lt;br/&gt;The herbarium&#8217;s entire collection consists of approximately 92,000 vascular specimens (land plants with tissues that conduct water and minerals) and another 12,000 non-vascular (plants like mosses, algae and fungi). About 70 percent of the Department of Biological Sciences collection is focused on plants on western North America. Side collections include cones, seeds and different types of woods.&lt;br/&gt;&lt;br/&gt; Inside the herbarium, the first thing a visitor notices in the large cross-section of a Douglas fir tree trunk. Thirty-four years ago, when Bonnie Smith started her job as the herbarium&#8217;s technician, one of her first tasks was to label the rings with historical events and years going back to 1585 when John Davis explored the Northwest Passage and the tree was a seedling. The last ring on the trunk &#8211; next to the outer layer of bark &#8211; is 1965, a year before the University of Calgary came into being.&lt;br/&gt;&lt;br/&gt; Over its 54-year history, the herbarium has had four directors: (past to present) Dr. Charles Bird, Dr. Robert T. Ogilvie, Dr. C.C. Chinnappa and Dr. Jana Vamosi.&lt;br/&gt;&lt;br/&gt;</para></abstract></collection><collection identifier="6c244ca0-69a1-46f9-b16d-5303db8fd0f1" id="106"><alternateIdentifier>https://www.soroherbaria.org/portal/collections/misc/collprofiles.php?collid=106</alternateIdentifier><parentCollectionIdentifier>BRY</parentCollectionIdentifier><collectionIdentifier>V</collectionIdentifier><collectionName>Brigham Young University, S. L. Welsh Herbarium</collectionName><resourceLogoUrl>https://swbiodiversity.org/seinet/content/collicon/bry.gif</resourceLogoUrl><onlineUrl>http://mlbean.byu.edu/ResearchCollections/Collections/VascularPlants.aspx</onlineUrl><intellectualRights>http://creativecommons.org/licenses/by-nc/3.0/</intellectualRights><additionalInfo>Brigham Young University</additionalInfo><associatedParty><individualName><surName>Robert Johnson</surName><givenName></givenName></individualName><electronicMailAddress>robert_johnson@byu.edu</electronicMailAddress></associatedParty><abstract><para>&lt;b&gt;Vascular Plants. &lt;/b&gt;Curator: Leigh Johnson; Collections Manager: Robert Johnson. The herbarium has completed databasing the non-seed vascular plants, gymnosperms, and most monocots (still working on the grasses). Dicots are an ongoing effort; they are only complete for select groups and recently cataloged material. Some records that are incomplete, duplicate sheets, or that otherwise need additional attention may not be uploaded for searching here.&lt;br&gt;&lt;br&gt;The herbarium at BYU is recognized by the Index Herbariorum acronym 'BRY'. 'V' indicates the vascular plant portion of BRY housed in the S.L. Welsh Herbarium. The S.L. Welsh herbarium also houses a smaller collection gifted to Brigham Young University from the Ogden Forest Service, which maintains its Index Herbariorum acronym 'OGDF'. BRY also encompasses the Herbarium of Non-Vascular Cryptogams (including lichenized fungi), which is administered independently with its own database, catalog numbers, and portal. The non-vascular cryptograms &amp; lichens are curated by Steven Leavitt with emeritus curator Larry L. St.Clair. &lt;br&gt;&lt;br&gt;Information made available here electronically, including specimen data and images, has been produced by support from Brigham Young University, NSF grant DBI&#8211;1203616, the Grand Canyon Trust, and a Utah-BLM Challenge Cost-Share agreement. Any opinions, findings, and conclusions or recommendations expressed in this material are those of our herbarium and do not necessarily reflect the views of the National Science Foundation or other supporting agencies. &lt;br&gt;&lt;br&gt; &lt;b&gt;Please acknowledge the use of BRY/OGDF specimens in publications or products that have benefitted from the use of these data.&lt;/b&gt;&lt;br&gt;&lt;hr&gt;</para></abstract></collection><collection identifier="f5da8b4f-e389-4436-b71d-1c3e0a4baacc" id="368"><alternateIdentifier>https://www.soroherbaria.org/portal/collections/misc/collprofiles.php?collid=368</alternateIdentifier><parentCollectionIdentifier>COLO</parentCollectionIdentifier><collectionIdentifier>V</collectionIdentifier><collectionName>University of Colorado Museum of Natural History Herbarium Vascular Plant Collection</collectionName><resourceLogoUrl>https://botanydb.colorado.edu/COLO_Botany.jpg</resourceLogoUrl><onlineUrl>https://botanydb.colorado.edu</onlineUrl><intellectualRights>http://creativecommons.org/licenses/by-nc/3.0/</intellectualRights><associatedParty><individualName><surName>Allen</surName><givenName>J Ryan</givenName></individualName><electronicMailAddress>james.r.allen@colorado.edu</electronicMailAddress><positionName>Biodiversity Informatics Manager (Database inquiries)</positionName><userId>https://orcid.org/0000-0002-4240-0809</userId></associatedParty><associatedParty><individualName><surName>Clark</surName><givenName>Dina</givenName></individualName><positionName>Collection Manager (Loan and other inquiries)</positionName><electronicMailAddress>dina.clark@colorado.edu</electronicMailAddress></associatedParty><abstract><para>&lt;B&gt;This database represents a snapshot of our primary database housed at https://botanydb.colorado.edu and may not be as up to date as our primary database.&lt;/b&gt;&lt;br/&gt;&lt;br/&gt;&lt;b&gt;Collection strengths:&lt;/b&gt; Colorado, Southern Rocky Mountains and Western North American vascular plants and cryptogams, worldwide arctic and alpine, Appalachia, Galapagos Lichens, Australia, New Guinea, Altai, Mexico and the Seville Flowers Bryophyte Collection. &lt;br/&gt;&lt;br/&gt; &lt;b&gt;Digitization:&lt;/b&gt; Digitization efforts have been focused on North American vascular plants, lichens and bryophytes with an emphasis on Colorado specimens. All Colorado vascular and cryptogam specimens have been imaged and entered into the database. Images for North American vascular plants are captured for 18 families under the Tri-Trophic TCN. North American lichen packets have been imaged and transcribed http://lichenportal.org/portal. All North American bryophyte packets have been imaged and all Colorado specimens have been transcribed and are available at http://bryophyteportal.org/portal. 140,000 vascular plant specimens and 55,000 bryophytes and 47,000 lichens from outside of North America have not been digitized.</para></abstract></collection><collection identifier="b128b6b5-a412-4791-978c-721a0da5b82e" id="506"><alternateIdentifier>https://www.soroherbaria.org/portal/collections/misc/collprofiles.php?collid=506</alternateIdentifier><parentCollectionIdentifier>SD</parentCollectionIdentifier><collectionIdentifier>Plants</collectionIdentifier><collectionName>San Diego Natural History Museum</collectionName><resourceLogoUrl>https://cch2.org/portal/content/collicon/sd.png</resourceLogoUrl><onlineUrl>https://www.sdnhm.org/science/botany/</onlineUrl><intellectualRights>http://creativecommons.org/licenses/by-nc/3.0/</intellectualRights><associatedParty><individualName><surName>Hains</surName><givenName>Layla Aerne </givenName></individualName><electronicMailAddress>laerne@sdnhm.org</electronicMailAddress></associatedParty><abstract><para>&lt;p&gt;The San Diego Natural History Museum Department of Botany focuses on biodiversity, evolutionary history research, and documentation of the flora in Southern California, Baja California, and adjacent areas. With a collection dating back to the 1870s, the SD Herbarium is invaluable as a scientific resource that documents regional plant populations and has been used for basic natural history research. Botanists with regional colleges, universities, and museums utilize the collections for their own research and for student projects, both by visiting the collection in person and/or through loans. The SD Herbarium houses over 270,000 accessioned specimens, all of which have been databased. Specimens from southern California account for nearly half of our collection and about 20% of our collection is from Baja California. Nearly all San Diego County and Baja California records have been georeferenced (99%). The Botany Department maintains two web sites that serve researchers with searching and mapping pages, checklists, voucher images, data input forms for collectors, and other tools for using our collections. SDPlantAtlas.org serves researchers interested in the plants of California&amp;rsquo;s San Diego and Imperial Counties. BajaFlora.org serves the needs of researchers interested in the plants of the two states of Baja, Mexico, consolidating the SD collections and the collections of the two primary herbaria in Baja.&lt;/p&gt;</para></abstract></collection><collection identifier="35ba5cf9-5b28-4f20-a376-95bd29786693" id="556"><alternateIdentifier>https://www.soroherbaria.org/portal/collections/misc/collprofiles.php?collid=556</alternateIdentifier><parentCollectionIdentifier>SEMO</parentCollectionIdentifier><collectionIdentifier></collectionIdentifier><collectionName>Southeast Missouri State University Travis Brooks Herbarium</collectionName><resourceLogoUrl>https://midwestherbaria.org/portal/content/collicon/semo.png</resourceLogoUrl><onlineUrl></onlineUrl><intellectualRights>http://creativecommons.org/licenses/by-nc/3.0/</intellectualRights><associatedParty><individualName><surName>Bornstein</surName><givenName>Allan</givenName></individualName><electronicMailAddress>abornstein@semo.edu</electronicMailAddress><positionName>Curator</positionName></associatedParty><abstract><para>&lt;p&gt;Collections (ca. 17000) primarily from southeast Missouri and southern Illinois, but with some representation from throughout the United States.&amp;nbsp; Also includes a significant set of specimens of the genus Piper from the Neotropics.&lt;/p&gt;</para></abstract></collection></symbiota></metadata></additionalMetadata></eml:eml>
