coreid,measurementType,measurementTypeID,measurementValue,measurementValueID,measurementUnit,measurementDeterminedDate,measurementDeterminedBy,measurementRemarks
1353187,"Phenology (ver 1.0)",http://purl.org/nevp/vocabulary/reproductive-phenology#01,reproductive,http://purl.org/nevp/vocabulary/reproductive-phenology_1.3#03,,2017-04-13T21:07:08Z,egbot,
1353187,"Phenology: reproductive",http://purl.org/nevp/vocabulary/reproductive-phenology#03,flowering,http://purl.org/nevp/vocabulary/reproductive-phenology_1.3#06,,2017-04-13T21:07:21Z,egbot,
1502514,"Phenology (ver 1.0)",http://purl.org/nevp/vocabulary/reproductive-phenology#01,reproductive,http://purl.org/nevp/vocabulary/reproductive-phenology_1.3#03,,2017-04-13T21:07:08Z,egbot,
1502514,"Phenology: reproductive",http://purl.org/nevp/vocabulary/reproductive-phenology#03,flowering,http://purl.org/nevp/vocabulary/reproductive-phenology_1.3#06,,2017-04-13T21:07:21Z,egbot,
1502515,"Phenology (ver 1.0)",http://purl.org/nevp/vocabulary/reproductive-phenology#01,reproductive,http://purl.org/nevp/vocabulary/reproductive-phenology_1.3#03,,2017-04-13T21:07:08Z,egbot,
1502515,"Phenology: reproductive",http://purl.org/nevp/vocabulary/reproductive-phenology#03,flowering,http://purl.org/nevp/vocabulary/reproductive-phenology_1.3#06,,2017-04-13T21:07:21Z,egbot,
3413388,"Phenology (ver 1.0)",http://purl.org/nevp/vocabulary/reproductive-phenology#01,reproductive,http://purl.org/nevp/vocabulary/reproductive-phenology_1.3#03,,2017-04-13T21:07:10Z,egbot,
3413388,"Phenology: reproductive",http://purl.org/nevp/vocabulary/reproductive-phenology#03,flowering,http://purl.org/nevp/vocabulary/reproductive-phenology_1.3#06,,2017-04-13T21:07:24Z,egbot,
4584573,"Phenology (ver 1.0)",http://purl.org/nevp/vocabulary/reproductive-phenology#01,reproductive,http://purl.org/nevp/vocabulary/reproductive-phenology_1.3#03,,2017-04-13T21:20:10Z,egbot,
4584573,"Phenology: reproductive",http://purl.org/nevp/vocabulary/reproductive-phenology#03,flowering,http://purl.org/nevp/vocabulary/reproductive-phenology_1.3#06,,2017-04-13T21:20:11Z,egbot,
4584597,"Phenology (ver 1.0)",http://purl.org/nevp/vocabulary/reproductive-phenology#01,reproductive,http://purl.org/nevp/vocabulary/reproductive-phenology_1.3#03,,2017-04-13T21:20:10Z,egbot,
4584597,"Phenology: reproductive",http://purl.org/nevp/vocabulary/reproductive-phenology#03,flowering,http://purl.org/nevp/vocabulary/reproductive-phenology_1.3#06,,2017-04-13T21:20:11Z,egbot,
4584816,"Phenology (ver 1.0)",http://purl.org/nevp/vocabulary/reproductive-phenology#01,reproductive,http://purl.org/nevp/vocabulary/reproductive-phenology_1.3#03,,2017-04-13T21:20:10Z,egbot,
4584816,"Phenology: reproductive",http://purl.org/nevp/vocabulary/reproductive-phenology#03,flowering,http://purl.org/nevp/vocabulary/reproductive-phenology_1.3#06,,2017-04-13T21:20:11Z,egbot,
4835148,"Phenology (ver 1.0)",http://purl.org/nevp/vocabulary/reproductive-phenology#01,reproductive,http://purl.org/nevp/vocabulary/reproductive-phenology_1.3#03,,2017-04-13T21:07:10Z,egbot,
4835148,"Phenology: reproductive",http://purl.org/nevp/vocabulary/reproductive-phenology#03,flowering,http://purl.org/nevp/vocabulary/reproductive-phenology_1.3#06,,2017-04-13T21:07:24Z,egbot,
4835531,"Phenology (ver 1.0)",http://purl.org/nevp/vocabulary/reproductive-phenology#01,reproductive,http://purl.org/nevp/vocabulary/reproductive-phenology_1.3#03,,2017-04-13T21:07:10Z,egbot,
4835531,"Phenology: reproductive",http://purl.org/nevp/vocabulary/reproductive-phenology#03,flowering,http://purl.org/nevp/vocabulary/reproductive-phenology_1.3#06,,2017-04-13T21:07:24Z,egbot,
4839371,"Phenology (ver 1.0)",http://purl.org/nevp/vocabulary/reproductive-phenology#01,reproductive,http://purl.org/nevp/vocabulary/reproductive-phenology_1.3#03,,2017-04-13T21:07:10Z,egbot,
4839371,"Phenology: reproductive",http://purl.org/nevp/vocabulary/reproductive-phenology#03,flowering,http://purl.org/nevp/vocabulary/reproductive-phenology_1.3#06,,2017-04-13T21:07:24Z,egbot,
4839522,"Phenology: reproductive",http://purl.org/nevp/vocabulary/reproductive-phenology#03,flowering,http://purl.org/nevp/vocabulary/reproductive-phenology_1.3#06,,2017-04-13T21:07:24Z,egbot,
4839522,"Phenology (ver 1.0)",http://purl.org/nevp/vocabulary/reproductive-phenology#01,reproductive,http://purl.org/nevp/vocabulary/reproductive-phenology_1.3#03,,2017-04-13T21:07:10Z,egbot,
4851471,"Phenology (ver 1.0)",http://purl.org/nevp/vocabulary/reproductive-phenology#01,reproductive,http://purl.org/nevp/vocabulary/reproductive-phenology_1.3#03,,2017-04-13T21:07:10Z,egbot,
4851471,"Phenology: reproductive",http://purl.org/nevp/vocabulary/reproductive-phenology#03,flowering,http://purl.org/nevp/vocabulary/reproductive-phenology_1.3#06,,2017-04-13T21:07:24Z,egbot,
6332194,"Phenology (ver 1.0)",http://purl.org/nevp/vocabulary/reproductive-phenology#01,reproductive,http://purl.org/nevp/vocabulary/reproductive-phenology_1.3#03,,2017-04-14T22:10:54Z,egbot,
6332194,"Phenology: reproductive",http://purl.org/nevp/vocabulary/reproductive-phenology#03,flowering,http://purl.org/nevp/vocabulary/reproductive-phenology_1.3#06,,2017-04-14T22:10:55Z,egbot,
6332194,"Phenology: reproductive",http://purl.org/nevp/vocabulary/reproductive-phenology#03,fruiting,http://purl.org/nevp/vocabulary/reproductive-phenology_1.3#11,,2017-04-14T22:10:56Z,egbot,
6332196,"Phenology (ver 1.0)",http://purl.org/nevp/vocabulary/reproductive-phenology#01,reproductive,http://purl.org/nevp/vocabulary/reproductive-phenology_1.3#03,,2017-04-14T22:05:07Z,egbot,
6332196,"Phenology: reproductive",http://purl.org/nevp/vocabulary/reproductive-phenology#03,flowering,http://purl.org/nevp/vocabulary/reproductive-phenology_1.3#06,,2017-04-14T22:05:08Z,egbot,
6332197,"Phenology: reproductive",http://purl.org/nevp/vocabulary/reproductive-phenology#03,flowering,http://purl.org/nevp/vocabulary/reproductive-phenology_1.3#06,,2017-04-14T22:10:55Z,egbot,
6332197,"Phenology: reproductive",http://purl.org/nevp/vocabulary/reproductive-phenology#03,fruiting,http://purl.org/nevp/vocabulary/reproductive-phenology_1.3#11,,2017-04-14T22:10:56Z,egbot,
6332197,"Phenology (ver 1.0)",http://purl.org/nevp/vocabulary/reproductive-phenology#01,reproductive,http://purl.org/nevp/vocabulary/reproductive-phenology_1.3#03,,2017-04-14T22:10:54Z,egbot,
8801747,"Phenology (ver 1.0)",http://purl.org/nevp/vocabulary/reproductive-phenology#01,reproductive,http://purl.org/nevp/vocabulary/reproductive-phenology_1.3#03,,2017-04-13T21:20:10Z,egbot,
8801747,"Phenology: reproductive",http://purl.org/nevp/vocabulary/reproductive-phenology#03,flowering,http://purl.org/nevp/vocabulary/reproductive-phenology_1.3#06,,2017-04-13T21:20:11Z,egbot,
8801748,"Phenology (ver 1.0)",http://purl.org/nevp/vocabulary/reproductive-phenology#01,reproductive,http://purl.org/nevp/vocabulary/reproductive-phenology_1.3#03,,2017-04-13T21:20:10Z,egbot,
8801748,"Phenology: reproductive",http://purl.org/nevp/vocabulary/reproductive-phenology#03,flowering,http://purl.org/nevp/vocabulary/reproductive-phenology_1.3#06,,2017-04-13T21:20:11Z,egbot,
8801749,"Phenology: reproductive",http://purl.org/nevp/vocabulary/reproductive-phenology#03,flowering,http://purl.org/nevp/vocabulary/reproductive-phenology_1.3#06,,2017-04-13T21:20:11Z,egbot,
8801749,"Phenology (ver 1.0)",http://purl.org/nevp/vocabulary/reproductive-phenology#01,reproductive,http://purl.org/nevp/vocabulary/reproductive-phenology_1.3#03,,2017-04-13T21:20:10Z,egbot,
11091556,"Phenology: reproductive",http://purl.org/nevp/vocabulary/reproductive-phenology#03,flowering,http://purl.org/nevp/vocabulary/reproductive-phenology_1.3#06,,2017-04-13T21:20:11Z,egbot,
11091556,"Phenology (ver 1.0)",http://purl.org/nevp/vocabulary/reproductive-phenology#01,reproductive,http://purl.org/nevp/vocabulary/reproductive-phenology_1.3#03,,2017-04-13T21:20:10Z,egbot,
11091645,"Phenology: reproductive",http://purl.org/nevp/vocabulary/reproductive-phenology#03,flowering,http://purl.org/nevp/vocabulary/reproductive-phenology_1.3#06,,2017-04-13T21:20:11Z,egbot,
11091645,"Phenology (ver 1.0)",http://purl.org/nevp/vocabulary/reproductive-phenology#01,reproductive,http://purl.org/nevp/vocabulary/reproductive-phenology_1.3#03,,2017-04-13T21:20:10Z,egbot,
12983072,"Phenology (ver 1.0)",http://purl.org/nevp/vocabulary/reproductive-phenology#01,reproductive,http://purl.org/nevp/vocabulary/reproductive-phenology_1.3#03,,2017-04-13T21:07:16Z,egbot,
12983072,"Phenology: reproductive",http://purl.org/nevp/vocabulary/reproductive-phenology#03,flowering,http://purl.org/nevp/vocabulary/reproductive-phenology_1.3#06,,2017-04-13T21:07:29Z,egbot,
13357679,"Phenology: reproductive",http://purl.org/nevp/vocabulary/reproductive-phenology#03,flowering,http://purl.org/nevp/vocabulary/reproductive-phenology_1.3#06,,2017-04-13T21:20:11Z,egbot,
13357679,"Phenology (ver 1.0)",http://purl.org/nevp/vocabulary/reproductive-phenology#01,reproductive,http://purl.org/nevp/vocabulary/reproductive-phenology_1.3#03,,2017-04-13T21:20:10Z,egbot,
21514379,"Phenology: reproductive",http://purl.org/nevp/vocabulary/reproductive-phenology#03,flowering,http://purl.org/nevp/vocabulary/reproductive-phenology_1.3#06,,2019-04-17T08:21:34Z,ricklevy,
21514379,"Phenology (ver 1.0)",http://purl.org/nevp/vocabulary/reproductive-phenology#01,reproductive,http://purl.org/nevp/vocabulary/reproductive-phenology_1.3#03,,2019-04-17T08:21:33Z,ricklevy,
