"population","n_train","n_presence_test","n_absence_test","pr_auc","roc_auc"
"13043 Ridge-Long-Cassi Valley",18480,5,0,NA,NA
"Bellview",18452,23,10,0.807803469320161,0.747826086956522
"Bellview-Rustler",18479,3,3,0.875,0.833333333333333
"Cochetopa",14535,50,3900,0.0116357725077254,0.488134155744025
"Crystal Peak",18459,8,18,0.734499007936508,0.847222222222222
"Frigid Air Pass",18021,31,433,0.532607897924382,0.974350358422939
"Gothic",18471,3,11,0.3,0.727272727272727
"Halsey Basin",18443,21,21,0.585555632814067,0.614512471655329
"Mt. Baldy",18444,13,28,0.342368502455255,0.626373626373626
"RAEL-2026",18452,12,21,0.728260869565217,0.712301587301587
"Red Rock",17586,3,896,0.424505511465115,0.796316964285714
"Ridge Across Arkansas",17863,7,615,0.159051071344911,0.967149871405191
"Rustlers Gulch",18453,11,21,0.678006084824267,0.816017316017316
"Virginia Basin",18463,19,3,0.994862155388471,0.964912280701754
"Yule Pass",18412,14,59,0.303916775083289,0.768159806295399
