"resolution","mode","split","requested_ratio","seed","fitted_ratio","pr_auc","minutes","finished"
"3arc","spatial",1,1,5001,1.079,0.374091556584817,0.6,"2026-09-28 08:18:06"
"3arc","spatial",1,1,5002,1.079,0.378205313438888,0.6,"2026-09-28 08:18:44"
"3arc","spatial",1,1,5003,1.079,0.374234819930789,0.6,"2026-09-28 08:19:21"
"3arc","spatial",1,2,5001,2,0.344665073859713,0.8,"2026-09-28 08:20:11"
"3arc","spatial",1,2,5002,2,0.340059969515378,0.8,"2026-09-28 08:20:59"
"3arc","spatial",1,2,5003,2,0.340909544969417,0.8,"2026-09-28 08:21:47"
"3arc","spatial",1,3,5001,3,0.331487570029461,1,"2026-09-28 08:22:45"
"3arc","spatial",1,3,5002,3,0.3572759939292,0.9,"2026-09-28 08:23:41"
"3arc","spatial",1,3,5003,3,0.316922457297809,0.9,"2026-09-28 08:24:36"
"3arc","spatial",1,4,5001,4,0.304954922074338,1.1,"2026-09-28 08:25:42"
"3arc","spatial",1,4,5002,4,0.277708990361198,1.1,"2026-09-28 08:26:48"
"3arc","spatial",1,4,5003,4,0.321492282517906,1.1,"2026-09-28 08:27:53"
"3arc","spatial",1,5,5001,5,0.294588505569491,1.2,"2026-09-28 08:29:08"
"3arc","spatial",1,5,5002,5,0.297666302390396,1.2,"2026-09-28 08:30:22"
"3arc","spatial",1,5,5003,5,0.356616652060603,1.3,"2026-09-28 08:31:37"
"3arc","spatial",1,6,5001,6,0.289386553425796,1.4,"2026-09-28 08:33:02"
"3arc","spatial",1,6,5002,6,0.346544686257748,1.4,"2026-09-28 08:34:24"
"3arc","spatial",1,6,5003,6,0.331498507735078,1.4,"2026-09-28 08:35:50"
"3arc","spatial",1,7,5001,7,0.320763826991033,1.6,"2026-09-28 08:37:24"
"3arc","spatial",1,7,5002,7,0.311071635990453,1.5,"2026-09-28 08:38:55"
"3arc","spatial",1,7,5003,7,0.35519655483323,1.6,"2026-09-28 08:40:30"
"3arc","spatial",1,8,5001,8,0.356416090352891,1.8,"2026-09-28 08:42:16"
"3arc","spatial",1,8,5002,8,0.348553775347185,1.7,"2026-09-28 08:44:00"
"3arc","spatial",1,8,5003,8,0.357934221821712,1.8,"2026-09-28 08:45:47"
"3arc","spatial",1,9,5001,9,0.335470002762528,2,"2026-09-28 08:47:45"
"3arc","spatial",1,9,5002,9,0.332857840255937,1.9,"2026-09-28 08:49:42"
"3arc","spatial",1,9,5003,9,0.325215247886707,2,"2026-09-28 08:51:42"
"3arc","spatial",1,10,5001,10,0.342378676745627,2.1,"2026-09-28 08:53:47"
"3arc","spatial",1,10,5002,10,0.332129839995687,2.1,"2026-09-28 08:55:51"
"3arc","spatial",1,10,5003,10,0.354658169833355,2.1,"2026-09-28 08:57:59"
"3arc","spatial",1,12,5001,12,0.304658060395401,2.5,"2026-09-28 09:00:27"
"3arc","spatial",1,12,5002,12,0.330242090897799,2.5,"2026-09-28 09:02:59"
"3arc","spatial",1,12,5003,12,0.33553915554328,2.7,"2026-09-28 09:05:39"
"3arc","spatial",1,14,5001,14,0.340902825334103,3,"2026-09-28 09:08:40"
"3arc","spatial",1,14,5002,14,0.334730531864805,2.8,"2026-09-28 09:11:28"
"3arc","spatial",1,14,5003,14,0.339091643681318,3,"2026-09-28 09:14:28"
"3arc","spatial",1,16,5001,16,0.332632924602884,3.1,"2026-09-28 09:17:37"
"3arc","spatial",1,16,5002,16,0.343071625505418,3.2,"2026-09-28 09:20:50"
"3arc","spatial",1,16,5003,16,0.344802568999171,3.3,"2026-09-28 09:24:10"
"3arc","spatial",1,18,5001,18,0.332162208626458,3.6,"2026-09-28 09:27:47"
"3arc","spatial",1,18,5002,18,0.333326066442954,3.9,"2026-09-28 09:31:40"
"3arc","spatial",1,18,5003,18,0.338552472553815,3.8,"2026-09-28 09:35:28"
"3arc","spatial",1,20,5001,20,0.327922755904609,4.3,"2026-09-28 09:39:43"
"3arc","spatial",1,20,5002,20,0.330778427754955,4,"2026-09-28 09:43:43"
"3arc","spatial",1,20,5003,20,0.32159367633315,4.2,"2026-09-28 09:47:54"
"3arc","spatial",1,25,5001,25,0.307500528659238,5.3,"2026-09-28 09:53:14"
"3arc","spatial",1,25,5002,25,0.340050435784007,5.3,"2026-09-28 09:58:33"
"3arc","spatial",1,25,5003,25,0.327695330808156,5.3,"2026-09-28 10:03:50"
"3arc","spatial",1,30,5001,30,0.312009776924239,6.3,"2026-09-28 10:10:11"
"3arc","spatial",1,30,5002,30,0.331552140378695,6.5,"2026-09-28 10:16:42"
"3arc","spatial",1,30,5003,30,0.33708001795262,6.3,"2026-09-28 10:23:01"
"3arc","spatial",1,35,5001,35,0.285221478622012,7.6,"2026-09-28 10:30:37"
"3arc","spatial",1,35,5002,35,0.319236844517891,7.7,"2026-09-28 10:38:17"
"3arc","spatial",1,35,5003,35,0.323121796006957,7.6,"2026-09-28 10:45:51"
"3arc","spatial",1,40,5001,40,0.294089235909349,8.7,"2026-09-28 10:54:30"
"3arc","spatial",1,40,5002,40,0.336265409678197,8.7,"2026-09-28 11:03:09"
"3arc","spatial",1,40,5003,40,0.316761916293582,8.8,"2026-09-28 11:11:57"
"3arc","spatial",1,45,5001,45,0.300399715721752,10.2,"2026-09-28 11:22:07"
"3arc","spatial",1,45,5002,45,0.331102436447642,10.1,"2026-09-28 11:32:15"
"3arc","spatial",1,45,5003,45,0.324280505339267,10.2,"2026-09-28 11:42:27"
"3arc","spatial",1,50,5001,50,0.271935257617275,11.2,"2026-09-28 11:53:37"
"3arc","spatial",1,50,5002,50,0.322221991655272,11.7,"2026-09-28 12:05:16"
"3arc","spatial",1,50,5003,50,0.318270790102695,11.4,"2026-09-28 12:16:41"
