"resolution","requested_ratio","seed","fitted_ratio","pr_auc","minutes","finished"
"3arc",1,5001,1,0.995168729194725,0.4,"2026-09-27 10:10:11"
"3arc",1,5002,1,0.977946154481514,0.4,"2026-09-27 10:10:36"
"3arc",1,5003,1,0.989966203872854,0.4,"2026-09-27 10:11:01"
"3arc",2,5001,2,0.99190366289458,0.5,"2026-09-27 10:11:34"
"3arc",2,5002,2,0.984591781040591,0.6,"2026-09-27 10:12:07"
"3arc",2,5003,2,0.939701064138644,0.6,"2026-09-27 10:12:41"
"3arc",3,5001,3,0.981633041861341,0.7,"2026-09-27 10:13:23"
"3arc",3,5002,3,0.954545171243765,0.7,"2026-09-27 10:14:05"
"3arc",3,5003,3,0.955011107926511,0.7,"2026-09-27 10:14:47"
"3arc",4,5001,4,0.984814093940522,0.8,"2026-09-27 10:15:36"
"3arc",4,5002,4,0.933431628771443,0.9,"2026-09-27 10:16:27"
"3arc",4,5003,4,0.881527429846951,0.9,"2026-09-27 10:17:19"
"3arc",5,5001,5,0.982269164459262,1,"2026-09-27 10:18:19"
"3arc",5,5002,5,0.970847689438933,1,"2026-09-27 10:19:18"
"3arc",5,5003,5,0.909011978771242,1,"2026-09-27 10:20:19"
"3arc",6,5001,6,0.982421101826436,1.2,"2026-09-27 10:21:30"
"3arc",6,5002,6,0.932796119456753,1.2,"2026-09-27 10:22:41"
"3arc",6,5003,6,0.83392395814574,1.2,"2026-09-27 10:23:55"
"3arc",7,5001,7,0.98340481786134,1.4,"2026-09-27 10:25:17"
"3arc",7,5002,7,0.966922388082663,1.3,"2026-09-27 10:26:36"
"3arc",7,5003,7,0.823033957006936,1.4,"2026-09-27 10:27:58"
"3arc",8,5001,8,0.980259976451286,1.5,"2026-09-27 10:29:29"
"3arc",8,5002,8,0.962719991030383,1.5,"2026-09-27 10:31:00"
"3arc",8,5003,8,0.832986051548096,1.6,"2026-09-27 10:32:33"
"3arc",9,5001,9,0.980657908511574,1.8,"2026-09-27 10:34:20"
"3arc",9,5002,9,0.960498753335912,1.7,"2026-09-27 10:36:02"
"3arc",9,5003,9,0.752896024267124,1.7,"2026-09-27 10:37:42"
"3arc",10,5001,10,0.97857481818682,1.9,"2026-09-27 10:39:35"
"3arc",10,5002,10,0.949332102164548,1.9,"2026-09-27 10:41:27"
"3arc",10,5003,10,0.716982698739066,1.8,"2026-09-27 10:43:17"
"3arc",12,5001,12,0.977503047188869,2.2,"2026-09-27 10:45:32"
"3arc",12,5002,12,0.769301750753071,2.2,"2026-09-27 10:47:44"
"3arc",12,5003,12,0.661307607955233,2.2,"2026-09-27 10:49:58"
"3arc",14,5001,14,0.892248440849646,2.6,"2026-09-27 10:52:34"
"3arc",14,5002,14,0.771287742364007,2.6,"2026-09-27 10:55:12"
"3arc",14,5003,14,0.661275418404615,2.7,"2026-09-27 10:57:53"
"3arc",16,5001,16,0.793659238544843,3,"2026-09-27 11:00:55"
"3arc",16,5002,16,0.755746278274862,3,"2026-09-27 11:03:54"
"3arc",16,5003,16,0.634200516076261,3,"2026-09-27 11:06:57"
"3arc",18,5001,18,0.785969570911748,3.5,"2026-09-27 11:10:28"
"3arc",18,5002,18,0.741592639672132,3.4,"2026-09-27 11:13:52"
"3arc",18,5003,18,0.605925842667339,3.4,"2026-09-27 11:17:17"
"3arc",20,5001,20,0.746835711557571,3.9,"2026-09-27 11:21:14"
"3arc",20,5002,20,0.74171221427313,3.8,"2026-09-27 11:25:05"
"3arc",20,5003,20,0.614993720632698,3.7,"2026-09-27 11:28:48"
"3arc",25,5001,25,0.71474920418524,4.9,"2026-09-27 11:33:42"
"3arc",25,5002,25,0.618941716864606,4.9,"2026-09-27 11:38:35"
"3arc",25,5003,25,0.599197827094478,4.8,"2026-09-27 11:43:26"
"3arc",30,5001,30,0.628473124111421,5.9,"2026-09-27 11:49:21"
"3arc",30,5002,30,0.583699773025981,6.1,"2026-09-27 11:55:25"
"3arc",30,5003,30,0.493245850128016,6.2,"2026-09-27 12:01:36"
"3arc",35,5001,35,0.543786927422679,7.4,"2026-09-27 12:09:03"
"3arc",35,5002,35,0.484563342155772,7.3,"2026-09-27 12:16:23"
"3arc",35,5003,35,0.46009715972395,7.2,"2026-09-27 12:23:32"
"3arc",40,5001,40,0.490900494641088,8.6,"2026-09-27 12:32:09"
"3arc",40,5002,40,0.412597215927864,8.6,"2026-09-27 12:40:45"
"3arc",40,5003,40,0.422337562254441,8.6,"2026-09-27 12:49:19"
"3arc",45,5001,45,0.417820881701413,10.1,"2026-09-27 12:59:24"
"3arc",45,5002,45,0.420079092349099,10,"2026-09-27 13:09:23"
"3arc",45,5003,45,0.385564528357955,10,"2026-09-27 13:19:26"
"3arc",50,5001,50,0.422427056696242,11.4,"2026-09-27 13:30:47"
"3arc",50,5002,50,0.383699335247206,11.5,"2026-09-27 13:42:18"
"3arc",50,5003,50,0.379425928907985,11.5,"2026-09-27 13:53:49"
